id,type,priority,opened
T00001,incident,P4,2026-08-11
T00002,incident,P4,2026-08-20
T00003,incident,P4,2026-07-10
T00004,incident,P3,2026-07-13
T00005,incident,P4,2026-07-08
T00006,incident,P3,2026-07-28
T00007,incident,P3,2026-08-25
T00008,incident,P3,2026-07-31
T00009,incident,P3,2026-08-24
T00010,incident,P3,2026-09-11
T00011,incident,P4,2026-07-29
T00012,incident,P4,2026-09-13
T00013,incident,P4,2026-09-12
T00014,incident,P4,2026-07-07
T00015,incident,P4,2026-07-06
T00016,incident,P3,2026-07-18
T00017,incident,P4,2026-07-19
T00018,incident,P3,2026-09-12
T00019,incident,P3,2026-09-26
T00020,incident,P4,2026-09-13
T00021,incident,P3,2026-07-25
T00022,incident,P4,2026-09-09
T00023,incident,P3,2026-09-11
T00024,incident,P4,2026-07-27
T00025,incident,P4,2026-09-07
T00026,incident,P4,2026-08-10
T00027,incident,P3,2026-08-28
T00028,incident,P4,2026-08-01
T00029,incident,P4,2026-09-28
T00030,incident,P4,2026-07-11
T00031,incident,P4,2026-09-06
T00032,incident,P4,2026-08-13
T00033,incident,P4,2026-08-06
T00034,incident,P3,2026-07-10
T00035,incident,P3,2026-08-23
T00036,incident,P3,2026-08-13
T00037,incident,P4,2026-09-01
T00038,incident,P3,2026-09-24
T00039,incident,P4,2026-09-10
T00040,incident,P3,2026-08-10
T00041,incident,P4,2026-08-14
T00042,incident,P4,2026-09-13
T00043,incident,P4,2026-07-09
T00044,incident,P4,2026-08-04
T00045,incident,P3,2026-09-24
T00046,incident,P3,2026-09-28
T00047,incident,P4,2026-09-12
T00048,incident,P3,2026-08-27
T00049,incident,P4,2026-08-19
T00050,incident,P3,2026-08-14
T00051,incident,P3,2026-08-29
T00052,incident,P3,2026-09-17
T00053,incident,P3,2026-07-08
T00054,incident,P3,2026-08-06
T00055,incident,P3,2026-08-01
T00056,incident,P3,2026-09-02
T00057,incident,P3,2026-08-27
T00058,incident,P4,2026-08-05
T00059,incident,P4,2026-08-25
T00060,incident,P4,2026-08-05
T00061,incident,P4,2026-08-15
T00062,incident,P4,2026-08-18
T00063,incident,P3,2026-07-20
T00064,incident,P3,2026-07-20
T00065,incident,P2,2026-07-30
T00066,incident,P3,2026-09-14
T00067,incident,P1,2026-08-06
T00068,incident,P4,2026-08-23
T00069,incident,P4,2026-09-17
T00070,incident,P4,2026-07-17
T00071,incident,P4,2026-09-04
T00072,incident,P4,2026-09-22
T00073,incident,P4,2026-07-07
T00074,incident,P4,2026-09-26
T00075,incident,P3,2026-08-20
T00076,incident,P3,2026-08-20
T00077,incident,P3,2026-09-20
T00078,incident,P3,2026-07-25
T00079,incident,P4,2026-07-27
T00080,incident,P3,2026-07-15
T00081,incident,P3,2026-07-07
T00082,incident,P3,2026-09-11
T00083,incident,P4,2026-07-13
T00084,incident,P3,2026-09-17
T00085,incident,P4,2026-07-27
T00086,incident,P4,2026-07-20
T00087,incident,P4,2026-08-14
T00088,incident,P3,2026-08-30
T00089,incident,P4,2026-09-01
T00090,incident,P4,2026-08-29
T00091,incident,P3,2026-08-09
T00092,incident,P4,2026-07-14
T00093,incident,P4,2026-08-03
T00094,incident,P3,2026-09-27
T00095,incident,P3,2026-07-03
T00096,incident,P3,2026-09-06
T00097,incident,P4,2026-09-27
T00098,incident,P4,2026-07-04
T00099,incident,P4,2026-08-08
T00100,incident,P4,2026-07-12
T00101,incident,P4,2026-08-03
T00102,incident,P3,2026-07-22
T00103,incident,P4,2026-07-29
T00104,incident,P3,2026-09-03
T00105,incident,P4,2026-07-29
T00106,incident,P4,2026-07-25
T00107,incident,P4,2026-08-21
T00108,incident,P3,2026-07-30
T00109,incident,P3,2026-09-02
T00110,incident,P4,2026-07-04
T00111,incident,P4,2026-08-05
T00112,incident,P4,2026-07-25
T00113,incident,P4,2026-08-14
T00114,incident,P4,2026-08-14
T00115,incident,P3,2026-08-16
T00116,incident,P3,2026-07-14
T00117,incident,P3,2026-07-26
T00118,incident,P4,2026-08-31
T00119,incident,P4,2026-09-17
T00120,incident,P4,2026-08-31
T00121,incident,P4,2026-08-14
T00122,incident,P4,2026-07-11
T00123,incident,P4,2026-07-16
T00124,incident,P4,2026-09-30
T00125,incident,P4,2026-08-31
T00126,incident,P4,2026-08-25
T00127,incident,P3,2026-08-12
T00128,incident,P4,2026-08-20
T00129,incident,P4,2026-07-11
T00130,incident,P4,2026-07-22
T00131,incident,P3,2026-07-04
T00132,incident,P4,2026-08-29
T00133,incident,P4,2026-07-19
T00134,incident,P4,2026-09-15
T00135,incident,P4,2026-09-23
T00136,incident,P4,2026-07-20
T00137,incident,P3,2026-07-17
T00138,incident,P3,2026-09-22
T00139,incident,P4,2026-07-18
T00140,incident,P4,2026-07-25
T00141,incident,P3,2026-07-28
T00142,incident,P3,2026-07-28
T00143,incident,P4,2026-07-31
T00144,incident,P3,2026-08-11
T00145,incident,P4,2026-08-23
T00146,incident,P4,2026-07-08
T00147,incident,P4,2026-08-15
T00148,incident,P4,2026-09-23
T00149,incident,P4,2026-09-05
T00150,incident,P3,2026-09-03
T00151,incident,P4,2026-07-20
T00152,incident,P4,2026-07-03
T00153,incident,P4,2026-07-24
T00154,incident,P3,2026-07-20
T00155,incident,P4,2026-08-30
T00156,incident,P4,2026-07-16
T00157,incident,P4,2026-08-11
T00158,incident,P4,2026-09-06
T00159,incident,P4,2026-07-14
T00160,incident,P3,2026-07-08
T00161,incident,P3,2026-08-05
T00162,incident,P4,2026-07-13
T00163,incident,P3,2026-09-10
T00164,incident,P4,2026-07-09
T00165,incident,P4,2026-09-17
T00166,incident,P4,2026-09-16
T00167,incident,P3,2026-09-27
T00168,incident,P4,2026-09-04
T00169,incident,P4,2026-08-31
T00170,incident,P4,2026-08-01
T00171,incident,P4,2026-08-03
T00172,incident,P4,2026-07-26
T00173,incident,P3,2026-07-18
T00174,incident,P4,2026-08-20
T00175,incident,P4,2026-07-10
T00176,incident,P3,2026-08-24
T00177,incident,P3,2026-09-24
T00178,incident,P4,2026-07-16
T00179,incident,P4,2026-07-20
T00180,incident,P4,2026-09-21
T00181,incident,P3,2026-07-19
T00182,incident,P4,2026-07-18
T00183,incident,P4,2026-07-29
T00184,incident,P3,2026-07-13
T00185,incident,P3,2026-09-01
T00186,incident,P4,2026-09-24
T00187,incident,P4,2026-07-21
T00188,incident,P3,2026-09-04
T00189,incident,P3,2026-08-23
T00190,incident,P3,2026-08-10
T00191,incident,P2,2026-08-16
T00192,incident,P4,2026-09-09
T00193,incident,P2,2026-09-29
T00194,incident,P4,2026-08-12
T00195,incident,P4,2026-08-07
T00196,incident,P3,2026-07-09
T00197,incident,P4,2026-07-30
T00198,incident,P3,2026-07-14
T00199,incident,P3,2026-08-04
T00200,incident,P3,2026-07-24
T00201,incident,P4,2026-07-17
T00202,incident,P4,2026-09-25
T00203,incident,P3,2026-08-03
T00204,incident,P4,2026-09-07
T00205,incident,P4,2026-09-12
T00206,incident,P3,2026-08-11
T00207,incident,P4,2026-07-08
T00208,incident,P4,2026-07-24
T00209,incident,P3,2026-07-10
T00210,incident,P4,2026-07-03
T00211,incident,P3,2026-08-03
T00212,incident,P3,2026-07-29
T00213,incident,P4,2026-07-16
T00214,incident,P4,2026-08-13
T00215,incident,P4,2026-08-23
T00216,incident,P4,2026-08-04
T00217,incident,P4,2026-07-06
T00218,incident,P4,2026-07-31
T00219,incident,P3,2026-07-21
T00220,incident,P3,2026-07-24
T00221,incident,P4,2026-08-09
T00222,incident,P4,2026-09-06
T00223,incident,P4,2026-08-07
T00224,incident,P3,2026-09-25
T00225,incident,P4,2026-08-14
T00226,incident,P3,2026-08-02
T00227,incident,P4,2026-07-03
T00228,incident,P4,2026-09-09
T00229,incident,P4,2026-09-04
T00230,incident,P3,2026-08-27
T00231,incident,P4,2026-09-22
T00232,incident,P4,2026-09-02
T00233,incident,P4,2026-08-20
T00234,incident,P4,2026-08-09
T00235,incident,P3,2026-07-30
T00236,incident,P4,2026-09-29
T00237,incident,P3,2026-07-18
T00238,incident,P4,2026-08-14
T00239,incident,P2,2026-07-17
T00240,incident,P4,2026-09-19
T00241,incident,P4,2026-08-02
T00242,incident,P3,2026-07-08
T00243,incident,P4,2026-08-18
T00244,incident,P4,2026-09-24
T00245,incident,P3,2026-09-15
T00246,incident,P3,2026-08-07
T00247,incident,P3,2026-07-24
T00248,incident,P1,2026-08-27
T00249,incident,P4,2026-08-16
T00250,incident,P3,2026-09-09
T00251,incident,P4,2026-07-05
T00252,incident,P3,2026-08-09
T00253,incident,P1,2026-07-24
T00254,incident,P3,2026-08-18
T00255,incident,P4,2026-08-05
T00256,incident,P3,2026-07-26
T00257,incident,P3,2026-07-01
T00258,incident,P3,2026-07-12
T00259,incident,P3,2026-09-14
T00260,incident,P3,2026-07-03
T00261,incident,P3,2026-09-19
T00262,incident,P4,2026-09-13
T00263,incident,P4,2026-07-20
T00264,incident,P4,2026-09-30
T00265,incident,P3,2026-09-15
T00266,incident,P4,2026-08-11
T00267,incident,P3,2026-09-02
T00268,incident,P4,2026-09-18
T00269,incident,P4,2026-07-06
T00270,incident,P4,2026-09-30
T00271,incident,P4,2026-09-19
T00272,incident,P4,2026-09-28
T00273,incident,P4,2026-07-18
T00274,incident,P4,2026-09-03
T00275,incident,P4,2026-07-03
T00276,incident,P4,2026-09-13
T00277,incident,P4,2026-09-30
T00278,incident,P4,2026-09-27
T00279,incident,P3,2026-07-11
T00280,incident,P4,2026-07-18
T00281,incident,P3,2026-07-14
T00282,incident,P4,2026-08-27
T00283,incident,P2,2026-09-19
T00284,incident,P4,2026-09-07
T00285,incident,P3,2026-09-01
T00286,incident,P4,2026-08-28
T00287,incident,P4,2026-09-03
T00288,incident,P4,2026-07-12
T00289,incident,P4,2026-07-09
T00290,incident,P3,2026-08-30
T00291,incident,P4,2026-07-10
T00292,incident,P4,2026-07-31
T00293,incident,P3,2026-07-27
T00294,incident,P4,2026-09-22
T00295,incident,P4,2026-09-02
T00296,incident,P4,2026-07-10
T00297,incident,P3,2026-09-26
T00298,incident,P4,2026-07-06
T00299,incident,P3,2026-09-21
T00300,incident,P3,2026-09-15
T00301,incident,P4,2026-08-02
T00302,incident,P3,2026-09-27
T00303,incident,P3,2026-09-11
T00304,incident,P3,2026-08-31
T00305,incident,P4,2026-08-04
T00306,incident,P4,2026-07-13
T00307,incident,P4,2026-09-25
T00308,incident,P4,2026-09-29
T00309,incident,P4,2026-08-29
T00310,incident,P4,2026-07-16
T00311,incident,P3,2026-09-09
T00312,incident,P4,2026-07-11
T00313,incident,P3,2026-07-03
T00314,incident,P4,2026-07-10
T00315,incident,P4,2026-08-27
T00316,incident,P3,2026-08-19
T00317,incident,P3,2026-07-27
T00318,incident,P3,2026-07-12
T00319,incident,P3,2026-09-06
T00320,incident,P3,2026-08-16
T00321,incident,P4,2026-09-19
T00322,incident,P4,2026-07-15
T00323,incident,P4,2026-07-30
T00324,incident,P3,2026-09-01
T00325,incident,P1,2026-07-21
T00326,incident,P4,2026-09-01
T00327,incident,P3,2026-08-21
T00328,incident,P3,2026-07-19
T00329,incident,P3,2026-08-18
T00330,incident,P1,2026-08-12
T00331,incident,P4,2026-08-13
T00332,incident,P4,2026-07-16
T00333,incident,P4,2026-07-26
T00334,incident,P3,2026-08-07
T00335,incident,P3,2026-07-09
T00336,incident,P3,2026-09-14
T00337,incident,P4,2026-08-24
T00338,incident,P3,2026-07-07
T00339,incident,P4,2026-07-07
T00340,incident,P4,2026-08-06
T00341,incident,P3,2026-07-20
T00342,incident,P4,2026-08-04
T00343,incident,P3,2026-08-10
T00344,incident,P4,2026-08-17
T00345,incident,P4,2026-08-24
T00346,incident,P3,2026-09-19
T00347,incident,P4,2026-09-09
T00348,incident,P3,2026-07-11
T00349,incident,P4,2026-08-22
T00350,incident,P4,2026-07-18
T00351,incident,P4,2026-08-06
T00352,incident,P3,2026-09-09
T00353,incident,P3,2026-08-30
T00354,incident,P3,2026-08-06
T00355,incident,P3,2026-09-22
T00356,incident,P3,2026-09-22
T00357,incident,P4,2026-08-31
T00358,incident,P3,2026-08-20
T00359,incident,P3,2026-09-21
T00360,incident,P4,2026-07-27
T00361,incident,P4,2026-09-02
T00362,incident,P4,2026-08-27
T00363,incident,P4,2026-08-27
T00364,incident,P3,2026-09-09
T00365,incident,P3,2026-07-12
T00366,incident,P3,2026-09-10
T00367,incident,P3,2026-07-31
T00368,incident,P3,2026-09-11
T00369,incident,P4,2026-07-03
T00370,incident,P3,2026-08-22
T00371,incident,P3,2026-09-06
T00372,incident,P3,2026-08-04
T00373,incident,P4,2026-07-08
T00374,incident,P4,2026-09-12
T00375,incident,P4,2026-07-17
T00376,incident,P4,2026-09-06
T00377,incident,P3,2026-07-28
T00378,incident,P3,2026-08-01
T00379,incident,P4,2026-09-21
T00380,incident,P4,2026-08-09
T00381,incident,P3,2026-07-03
T00382,incident,P4,2026-08-24
T00383,incident,P4,2026-08-30
T00384,incident,P1,2026-09-01
T00385,incident,P4,2026-08-20
T00386,incident,P4,2026-09-06
T00387,incident,P3,2026-08-27
T00388,incident,P3,2026-07-14
T00389,incident,P4,2026-07-20
T00390,incident,P3,2026-09-26
T00391,incident,P4,2026-09-28
T00392,incident,P3,2026-08-28
T00393,incident,P1,2026-07-06
T00394,incident,P3,2026-07-17
T00395,incident,P4,2026-07-05
T00396,incident,P4,2026-08-08
T00397,incident,P3,2026-09-19
T00398,incident,P4,2026-09-20
T00399,incident,P3,2026-07-15
T00400,incident,P4,2026-08-08
T00401,incident,P3,2026-09-13
T00402,incident,P3,2026-08-03
T00403,incident,P1,2026-09-15
T00404,incident,P3,2026-09-07
T00405,incident,P3,2026-08-28
T00406,incident,P4,2026-08-10
T00407,incident,P4,2026-08-01
T00408,incident,P4,2026-07-31
T00409,incident,P4,2026-07-04
T00410,incident,P4,2026-09-29
T00411,incident,P3,2026-07-08
T00412,incident,P4,2026-09-02
T00413,incident,P4,2026-09-21
T00414,incident,P3,2026-08-02
T00415,incident,P4,2026-08-24
T00416,incident,P4,2026-07-30
T00417,incident,P3,2026-09-28
T00418,incident,P3,2026-08-23
T00419,incident,P3,2026-08-20
T00420,incident,P4,2026-08-07
T00421,incident,P3,2026-09-03
T00422,incident,P4,2026-09-02
T00423,incident,P4,2026-08-09
T00424,incident,P3,2026-07-25
T00425,incident,P3,2026-07-29
T00426,incident,P3,2026-08-07
T00427,incident,P4,2026-09-18
T00428,incident,P4,2026-07-24
T00429,incident,P3,2026-09-01
T00430,incident,P3,2026-09-24
T00431,incident,P3,2026-09-15
T00432,incident,P3,2026-08-20
T00433,incident,P4,2026-07-04
T00434,incident,P3,2026-07-19
T00435,incident,P3,2026-09-29
T00436,incident,P4,2026-08-20
T00437,incident,P4,2026-09-30
T00438,incident,P4,2026-07-15
T00439,incident,P3,2026-07-22
T00440,incident,P4,2026-07-24
T00441,incident,P4,2026-09-06
T00442,incident,P3,2026-07-05
T00443,incident,P4,2026-08-18
T00444,incident,P4,2026-08-12
T00445,incident,P1,2026-07-14
T00446,incident,P3,2026-08-05
T00447,incident,P4,2026-08-23
T00448,incident,P4,2026-07-16
T00449,incident,P3,2026-07-27
T00450,incident,P4,2026-08-09
T00451,incident,P3,2026-08-25
T00452,incident,P4,2026-09-29
T00453,incident,P4,2026-08-17
T00454,incident,P3,2026-08-27
T00455,incident,P4,2026-08-16
T00456,incident,P3,2026-08-30
T00457,incident,P3,2026-08-22
T00458,incident,P4,2026-09-19
T00459,incident,P3,2026-07-06
T00460,incident,P3,2026-08-29
T00461,incident,P3,2026-07-08
T00462,incident,P4,2026-07-09
T00463,incident,P3,2026-08-13
T00464,incident,P4,2026-08-12
T00465,incident,P3,2026-09-17
T00466,incident,P4,2026-09-30
T00467,incident,P3,2026-08-05
T00468,incident,P4,2026-09-15
T00469,incident,P4,2026-09-20
T00470,incident,P3,2026-07-09
T00471,incident,P3,2026-07-30
T00472,incident,P4,2026-09-30
T00473,incident,P4,2026-08-19
T00474,incident,P4,2026-08-25
T00475,incident,P4,2026-07-17
T00476,incident,P2,2026-07-24
T00477,incident,P4,2026-08-08
T00478,incident,P4,2026-07-20
T00479,incident,P4,2026-08-11
T00480,incident,P3,2026-08-28
T00481,incident,P3,2026-09-15
T00482,incident,P3,2026-07-26
T00483,incident,P3,2026-07-21
T00484,incident,P4,2026-07-09
T00485,incident,P4,2026-08-31
T00486,incident,P3,2026-08-11
T00487,incident,P4,2026-08-24
T00488,incident,P3,2026-07-10
T00489,incident,P3,2026-07-11
T00490,incident,P4,2026-08-23
T00491,incident,P4,2026-09-29
T00492,incident,P3,2026-07-23
T00493,incident,P4,2026-08-23
T00494,incident,P3,2026-09-25
T00495,incident,P4,2026-09-07
T00496,incident,P4,2026-09-24
T00497,incident,P3,2026-08-07
T00498,incident,P3,2026-09-11
T00499,incident,P4,2026-08-02
T00500,incident,P4,2026-07-26
T00501,incident,P3,2026-07-24
T00502,incident,P3,2026-07-20
T00503,incident,P3,2026-09-13
T00504,incident,P3,2026-07-09
T00505,incident,P4,2026-08-01
T00506,incident,P4,2026-07-30
T00507,incident,P4,2026-07-13
T00508,incident,P3,2026-07-05
T00509,incident,P4,2026-08-30
T00510,incident,P4,2026-07-30
T00511,incident,P3,2026-08-17
T00512,incident,P3,2026-08-07
T00513,incident,P3,2026-07-07
T00514,incident,P3,2026-09-13
T00515,incident,P3,2026-07-10
T00516,incident,P4,2026-07-23
T00517,incident,P4,2026-08-03
T00518,incident,P4,2026-09-24
T00519,incident,P4,2026-07-14
T00520,incident,P4,2026-09-29
T00521,incident,P3,2026-07-28
T00522,incident,P3,2026-08-13
T00523,incident,P4,2026-07-27
T00524,incident,P4,2026-07-05
T00525,incident,P4,2026-09-22
T00526,incident,P4,2026-07-02
T00527,incident,P4,2026-08-22
T00528,incident,P4,2026-07-24
T00529,incident,P3,2026-07-10
T00530,incident,P4,2026-09-02
T00531,incident,P3,2026-07-09
T00532,incident,P4,2026-08-20
T00533,incident,P4,2026-07-20
T00534,incident,P4,2026-07-12
T00535,incident,P4,2026-08-20
T00536,incident,P4,2026-08-22
T00537,incident,P3,2026-09-24
T00538,incident,P3,2026-07-07
T00539,incident,P4,2026-09-11
T00540,incident,P3,2026-08-23
T00541,incident,P4,2026-08-16
T00542,incident,P4,2026-08-20
T00543,incident,P4,2026-07-27
T00544,incident,P4,2026-08-25
T00545,incident,P3,2026-08-24
T00546,incident,P3,2026-07-12
T00547,incident,P4,2026-08-16
T00548,incident,P3,2026-07-21
T00549,incident,P4,2026-07-07
T00550,incident,P4,2026-09-21
T00551,incident,P3,2026-08-20
T00552,incident,P4,2026-09-18
T00553,incident,P3,2026-09-03
T00554,incident,P3,2026-08-14
T00555,incident,P3,2026-09-05
T00556,incident,P3,2026-07-09
T00557,incident,P4,2026-09-01
T00558,incident,P3,2026-07-26
T00559,incident,P4,2026-07-06
T00560,incident,P3,2026-08-31
T00561,incident,P4,2026-09-16
T00562,incident,P3,2026-08-19
T00563,incident,P4,2026-09-30
T00564,incident,P4,2026-07-21
T00565,incident,P4,2026-07-29
T00566,incident,P4,2026-09-17
T00567,incident,P3,2026-08-30
T00568,incident,P3,2026-07-28
T00569,incident,P3,2026-09-05
T00570,incident,P3,2026-08-15
T00571,incident,P4,2026-08-01
T00572,incident,P3,2026-07-25
T00573,incident,P4,2026-09-10
T00574,incident,P3,2026-09-25
T00575,incident,P3,2026-08-11
T00576,incident,P4,2026-09-15
T00577,incident,P4,2026-09-19
T00578,incident,P4,2026-09-22
T00579,incident,P3,2026-09-13
T00580,incident,P4,2026-08-19
T00581,incident,P4,2026-08-27
T00582,incident,P3,2026-07-23
T00583,incident,P4,2026-09-18
T00584,incident,P3,2026-08-29
T00585,incident,P4,2026-09-18
T00586,incident,P4,2026-08-28
T00587,incident,P3,2026-08-30
T00588,incident,P3,2026-07-09
T00589,incident,P3,2026-08-25
T00590,incident,P4,2026-08-26
T00591,incident,P3,2026-09-23
T00592,incident,P3,2026-09-20
T00593,incident,P4,2026-08-10
T00594,incident,P3,2026-09-04
T00595,incident,P4,2026-09-03
T00596,incident,P4,2026-09-22
T00597,incident,P3,2026-07-18
T00598,incident,P4,2026-07-09
T00599,incident,P4,2026-09-27
T00600,incident,P3,2026-07-25
T00601,incident,P3,2026-09-01
T00602,incident,P4,2026-07-22
T00603,incident,P3,2026-07-29
T00604,incident,P4,2026-08-14
T00605,incident,P3,2026-08-02
T00606,incident,P3,2026-09-17
T00607,incident,P3,2026-08-28
T00608,incident,P4,2026-09-03
T00609,incident,P3,2026-08-31
T00610,incident,P4,2026-08-03
T00611,incident,P3,2026-07-31
T00612,incident,P3,2026-07-05
T00613,incident,P3,2026-08-21
T00614,incident,P4,2026-08-05
T00615,incident,P3,2026-08-18
T00616,incident,P3,2026-08-03
T00617,incident,P3,2026-09-06
T00618,incident,P4,2026-08-16
T00619,incident,P4,2026-08-27
T00620,incident,P4,2026-09-13
T00621,incident,P3,2026-07-14
T00622,incident,P4,2026-09-07
T00623,incident,P4,2026-08-20
T00624,incident,P3,2026-08-17
T00625,incident,P4,2026-08-17
T00626,incident,P3,2026-08-16
T00627,incident,P4,2026-07-11
T00628,incident,P4,2026-07-23
T00629,incident,P3,2026-07-07
T00630,incident,P3,2026-09-05
T00631,incident,P4,2026-09-20
T00632,incident,P4,2026-09-13
T00633,incident,P4,2026-08-10
T00634,incident,P3,2026-07-05
T00635,incident,P4,2026-08-07
T00636,incident,P3,2026-08-25
T00637,incident,P4,2026-08-16
T00638,incident,P4,2026-07-17
T00639,incident,P4,2026-09-17
T00640,incident,P3,2026-07-03
T00641,incident,P3,2026-09-11
T00642,incident,P4,2026-07-14
T00643,incident,P3,2026-09-07
T00644,incident,P3,2026-09-13
T00645,incident,P3,2026-07-18
T00646,incident,P4,2026-09-18
T00647,incident,P3,2026-07-21
T00648,incident,P4,2026-08-01
T00649,incident,P3,2026-08-27
T00650,incident,P3,2026-09-20
T00651,incident,P4,2026-09-24
T00652,incident,P4,2026-08-21
T00653,incident,P3,2026-07-02
T00654,incident,P4,2026-09-10
T00655,incident,P4,2026-09-15
T00656,incident,P4,2026-08-26
T00657,incident,P4,2026-09-05
T00658,incident,P3,2026-08-01
T00659,incident,P3,2026-07-01
T00660,incident,P3,2026-09-07
T00661,incident,P3,2026-07-24
T00662,incident,P4,2026-07-08
T00663,incident,P2,2026-07-14
T00664,incident,P4,2026-09-09
T00665,incident,P3,2026-07-26
T00666,incident,P4,2026-07-26
T00667,incident,P4,2026-09-21
T00668,incident,P3,2026-09-21
T00669,incident,P3,2026-09-17
T00670,incident,P3,2026-08-09
T00671,incident,P3,2026-09-19
T00672,incident,P4,2026-08-31
T00673,incident,P3,2026-07-01
T00674,incident,P4,2026-08-25
T00675,incident,P3,2026-08-29
T00676,incident,P4,2026-09-22
T00677,incident,P4,2026-07-29
T00678,incident,P3,2026-08-03
T00679,incident,P3,2026-07-05
T00680,incident,P4,2026-09-27
T00681,incident,P4,2026-08-03
T00682,incident,P4,2026-08-04
T00683,incident,P4,2026-09-25
T00684,incident,P4,2026-09-05
T00685,incident,P4,2026-08-07
T00686,incident,P3,2026-07-28
T00687,incident,P2,2026-09-03
T00688,incident,P4,2026-08-03
T00689,incident,P4,2026-07-26
T00690,incident,P3,2026-08-11
T00691,incident,P3,2026-08-19
T00692,incident,P3,2026-07-31
T00693,incident,P4,2026-09-19
T00694,incident,P4,2026-09-24
T00695,incident,P4,2026-09-07
T00696,incident,P4,2026-09-06
T00697,incident,P4,2026-07-04
T00698,incident,P4,2026-07-30
T00699,incident,P4,2026-08-09
T00700,incident,P4,2026-08-20
T00701,incident,P4,2026-07-10
T00702,incident,P3,2026-07-22
T00703,incident,P3,2026-07-04
T00704,incident,P4,2026-09-18
T00705,incident,P4,2026-08-14
T00706,incident,P3,2026-09-28
T00707,incident,P3,2026-07-06
T00708,incident,P4,2026-09-21
T00709,incident,P3,2026-09-28
T00710,incident,P3,2026-07-06
T00711,incident,P4,2026-09-14
T00712,incident,P4,2026-07-26
T00713,incident,P4,2026-09-07
T00714,incident,P4,2026-07-09
T00715,incident,P4,2026-09-30
T00716,incident,P3,2026-07-14
T00717,incident,P3,2026-07-27
T00718,incident,P4,2026-07-05
T00719,incident,P3,2026-09-20
T00720,incident,P4,2026-09-19
T00721,incident,P3,2026-08-31
T00722,incident,P4,2026-07-13
T00723,incident,P3,2026-09-21
T00724,incident,P3,2026-08-10
T00725,incident,P3,2026-08-03
T00726,incident,P4,2026-08-02
T00727,incident,P4,2026-07-07
T00728,incident,P4,2026-08-17
T00729,incident,P4,2026-09-16
T00730,incident,P4,2026-08-06
T00731,incident,P4,2026-07-04
T00732,incident,P4,2026-07-04
T00733,incident,P3,2026-07-13
T00734,incident,P3,2026-09-29
T00735,incident,P3,2026-09-11
T00736,incident,P4,2026-07-12
T00737,incident,P3,2026-08-06
T00738,incident,P4,2026-07-01
T00739,incident,P4,2026-08-06
T00740,incident,P1,2026-07-07
T00741,incident,P3,2026-09-01
T00742,incident,P4,2026-09-27
T00743,incident,P4,2026-07-24
T00744,incident,P3,2026-09-14
T00745,incident,P3,2026-09-04
T00746,incident,P3,2026-07-21
T00747,incident,P4,2026-07-28
T00748,incident,P4,2026-07-30
T00749,incident,P4,2026-07-15
T00750,incident,P4,2026-07-11
T00751,incident,P4,2026-09-28
T00752,incident,P4,2026-07-14
T00753,incident,P3,2026-08-15
T00754,incident,P4,2026-08-20
T00755,incident,P4,2026-07-12
T00756,incident,P3,2026-09-21
T00757,incident,P3,2026-07-27
T00758,incident,P4,2026-08-24
T00759,incident,P3,2026-09-03
T00760,incident,P3,2026-09-19
T00761,incident,P3,2026-08-28
T00762,incident,P4,2026-09-15
T00763,incident,P4,2026-09-16
T00764,incident,P4,2026-08-14
T00765,incident,P3,2026-09-05
T00766,incident,P4,2026-08-27
T00767,incident,P3,2026-08-11
T00768,incident,P4,2026-08-26
T00769,incident,P4,2026-08-02
T00770,incident,P3,2026-07-17
T00771,incident,P4,2026-09-21
T00772,incident,P4,2026-07-31
T00773,incident,P3,2026-08-04
T00774,incident,P4,2026-09-29
T00775,incident,P3,2026-09-18
T00776,incident,P4,2026-07-20
T00777,incident,P4,2026-08-11
T00778,incident,P3,2026-08-14
T00779,incident,P4,2026-08-11
T00780,incident,P4,2026-08-03
T00781,incident,P3,2026-07-14
T00782,incident,P3,2026-09-23
T00783,incident,P3,2026-08-19
T00784,incident,P4,2026-07-19
T00785,incident,P4,2026-08-08
T00786,incident,P3,2026-07-26
T00787,incident,P3,2026-07-14
T00788,incident,P4,2026-08-19
T00789,incident,P3,2026-07-02
T00790,incident,P4,2026-08-25
T00791,incident,P4,2026-09-03
T00792,incident,P4,2026-08-07
T00793,incident,P3,2026-07-19
T00794,incident,P2,2026-08-21
T00795,incident,P4,2026-08-01
T00796,incident,P4,2026-08-25
T00797,incident,P4,2026-09-14
T00798,incident,P4,2026-08-23
T00799,incident,P4,2026-09-24
T00800,incident,P4,2026-09-21
T00801,incident,P4,2026-07-30
T00802,incident,P3,2026-09-21
T00803,incident,P3,2026-08-25
T00804,incident,P4,2026-09-19
T00805,incident,P3,2026-08-23
T00806,incident,P4,2026-08-21
T00807,incident,P3,2026-09-19
T00808,incident,P4,2026-08-24
T00809,incident,P4,2026-07-03
T00810,incident,P4,2026-08-22
T00811,incident,P4,2026-09-23
T00812,incident,P4,2026-07-24
T00813,incident,P4,2026-08-11
T00814,incident,P4,2026-08-19
T00815,incident,P3,2026-07-14
T00816,incident,P3,2026-09-08
T00817,incident,P4,2026-09-30
T00818,incident,P4,2026-07-26
T00819,incident,P4,2026-07-13
T00820,incident,P4,2026-08-28
T00821,incident,P4,2026-09-30
T00822,incident,P4,2026-07-03
T00823,incident,P4,2026-08-17
T00824,incident,P4,2026-08-22
T00825,incident,P3,2026-08-28
T00826,incident,P3,2026-09-26
T00827,incident,P4,2026-09-04
T00828,incident,P4,2026-07-16
T00829,incident,P3,2026-09-17
T00830,incident,P3,2026-07-08
T00831,incident,P3,2026-08-18
T00832,incident,P3,2026-07-02
T00833,incident,P4,2026-08-23
T00834,incident,P3,2026-09-25
T00835,incident,P3,2026-08-03
T00836,incident,P4,2026-08-08
T00837,incident,P4,2026-09-06
T00838,incident,P4,2026-08-20
T00839,incident,P3,2026-07-22
T00840,incident,P4,2026-07-09
T00841,incident,P3,2026-09-20
T00842,incident,P4,2026-09-21
T00843,incident,P4,2026-07-29
T00844,incident,P3,2026-07-19
T00845,incident,P4,2026-09-20
T00846,incident,P4,2026-08-22
T00847,incident,P4,2026-08-07
T00848,incident,P3,2026-09-22
T00849,incident,P3,2026-08-30
T00850,incident,P3,2026-07-30
T00851,incident,P4,2026-08-18
T00852,incident,P4,2026-08-24
T00853,incident,P1,2026-08-31
T00854,incident,P3,2026-08-05
T00855,incident,P3,2026-09-22
T00856,incident,P4,2026-08-31
T00857,incident,P4,2026-09-18
T00858,incident,P4,2026-09-23
T00859,incident,P4,2026-07-20
T00860,incident,P3,2026-08-19
T00861,incident,P4,2026-09-11
T00862,incident,P4,2026-07-18
T00863,incident,P4,2026-08-14
T00864,incident,P4,2026-07-02
T00865,incident,P4,2026-07-27
T00866,incident,P3,2026-09-22
T00867,incident,P3,2026-09-16
T00868,incident,P4,2026-07-19
T00869,incident,P4,2026-07-24
T00870,incident,P4,2026-08-14
T00871,incident,P4,2026-07-27
T00872,incident,P3,2026-09-07
T00873,incident,P4,2026-09-27
T00874,incident,P4,2026-07-12
T00875,incident,P4,2026-09-09
T00876,incident,P3,2026-08-08
T00877,incident,P3,2026-09-27
T00878,incident,P4,2026-07-11
T00879,incident,P4,2026-08-26
T00880,incident,P4,2026-07-15
T00881,incident,P3,2026-08-03
T00882,incident,P4,2026-07-18
T00883,incident,P3,2026-09-10
T00884,incident,P4,2026-08-29
T00885,incident,P4,2026-09-28
T00886,incident,P3,2026-09-02
T00887,incident,P4,2026-09-15
T00888,incident,P3,2026-07-01
T00889,incident,P4,2026-08-11
T00890,incident,P4,2026-09-11
T00891,incident,P4,2026-08-07
T00892,incident,P4,2026-08-17
T00893,incident,P3,2026-09-25
T00894,incident,P3,2026-09-20
T00895,incident,P3,2026-09-21
T00896,incident,P3,2026-09-17
T00897,incident,P4,2026-08-12
T00898,incident,P4,2026-07-13
T00899,incident,P4,2026-09-01
T00900,incident,P3,2026-07-19
T00901,incident,P3,2026-09-30
T00902,incident,P3,2026-07-17
T00903,incident,P3,2026-09-23
T00904,incident,P4,2026-08-30
T00905,incident,P4,2026-09-09
T00906,incident,P3,2026-07-27
T00907,incident,P4,2026-08-13
T00908,incident,P3,2026-09-09
T00909,incident,P3,2026-08-07
T00910,incident,P3,2026-09-02
T00911,incident,P4,2026-09-03
T00912,incident,P3,2026-09-03
T00913,incident,P4,2026-07-27
T00914,incident,P3,2026-07-16
T00915,incident,P4,2026-08-10
T00916,incident,P4,2026-07-17
T00917,incident,P3,2026-09-20
T00918,incident,P3,2026-07-06
T00919,incident,P4,2026-09-09
T00920,incident,P4,2026-09-08
T00921,incident,P3,2026-08-21
T00922,incident,P3,2026-07-01
T00923,incident,P4,2026-08-30
T00924,incident,P3,2026-09-23
T00925,incident,P4,2026-09-03
T00926,incident,P3,2026-09-17
T00927,incident,P4,2026-07-19
T00928,incident,P4,2026-09-28
T00929,incident,P3,2026-09-26
T00930,incident,P4,2026-07-06
T00931,incident,P4,2026-08-28
T00932,incident,P3,2026-07-23
T00933,incident,P4,2026-07-24
T00934,incident,P4,2026-08-23
T00935,incident,P2,2026-09-22
T00936,incident,P4,2026-07-18
T00937,incident,P4,2026-09-10
T00938,incident,P3,2026-08-08
T00939,incident,P3,2026-07-05
T00940,incident,P4,2026-08-25
T00941,incident,P4,2026-09-13
T00942,incident,P4,2026-07-07
T00943,incident,P3,2026-09-05
T00944,incident,P4,2026-07-16
T00945,incident,P4,2026-08-23
T00946,incident,P4,2026-08-21
T00947,incident,P4,2026-07-02
T00948,incident,P4,2026-09-15
T00949,incident,P4,2026-09-23
T00950,incident,P4,2026-08-30
T00951,incident,P3,2026-09-09
T00952,incident,P4,2026-09-21
T00953,incident,P4,2026-07-20
T00954,incident,P1,2026-08-24
T00955,incident,P4,2026-09-26
T00956,incident,P3,2026-07-12
T00957,incident,P3,2026-07-16
T00958,incident,P3,2026-07-03
T00959,incident,P3,2026-09-11
T00960,incident,P4,2026-07-24
T00961,incident,P4,2026-08-16
T00962,incident,P4,2026-09-30
T00963,incident,P4,2026-07-19
T00964,incident,P3,2026-07-11
T00965,incident,P4,2026-09-10
T00966,incident,P4,2026-08-28
T00967,incident,P4,2026-08-02
T00968,incident,P4,2026-07-07
T00969,incident,P3,2026-07-02
T00970,incident,P4,2026-09-22
T00971,incident,P3,2026-09-18
T00972,incident,P3,2026-08-09
T00973,incident,P3,2026-09-15
T00974,incident,P4,2026-09-01
T00975,incident,P3,2026-08-10
T00976,incident,P4,2026-09-12
T00977,incident,P4,2026-08-30
T00978,incident,P4,2026-07-19
T00979,incident,P3,2026-07-15
T00980,incident,P3,2026-09-21
T00981,incident,P4,2026-08-23
T00982,incident,P4,2026-08-27
T00983,incident,P3,2026-09-11
T00984,incident,P3,2026-08-05
T00985,incident,P4,2026-09-22
T00986,incident,P3,2026-09-15
T00987,incident,P4,2026-09-16
T00988,incident,P4,2026-07-02
T00989,incident,P4,2026-09-15
T00990,incident,P4,2026-09-13
T00991,incident,P3,2026-08-01
T00992,incident,P3,2026-09-26
T00993,incident,P4,2026-07-30
T00994,incident,P4,2026-08-06
T00995,incident,P3,2026-08-11
T00996,incident,P3,2026-08-24
T00997,incident,P3,2026-07-06
T00998,incident,P4,2026-07-19
T00999,incident,P3,2026-09-12
T01000,incident,P4,2026-09-09
T01001,incident,P3,2026-09-02
T01002,incident,P4,2026-07-11
T01003,incident,P4,2026-09-01
T01004,incident,P4,2026-07-26
T01005,incident,P3,2026-07-30
T01006,incident,P4,2026-07-08
T01007,incident,P4,2026-08-29
T01008,incident,P4,2026-08-02
T01009,incident,P4,2026-07-02
T01010,incident,P4,2026-08-28
T01011,incident,P4,2026-09-07
T01012,incident,P3,2026-07-09
T01013,incident,P4,2026-09-13
T01014,incident,P4,2026-08-03
T01015,incident,P3,2026-09-05
T01016,incident,P4,2026-09-03
T01017,incident,P3,2026-07-25
T01018,incident,P3,2026-07-12
T01019,incident,P3,2026-09-28
T01020,incident,P4,2026-09-12
T01021,incident,P4,2026-08-21
T01022,incident,P3,2026-07-20
T01023,incident,P3,2026-09-02
T01024,incident,P3,2026-07-14
T01025,incident,P4,2026-08-29
T01026,incident,P3,2026-07-20
T01027,incident,P3,2026-07-04
T01028,incident,P4,2026-09-05
T01029,incident,P3,2026-07-13
T01030,incident,P4,2026-09-11
T01031,incident,P3,2026-09-11
T01032,incident,P4,2026-08-05
T01033,incident,P4,2026-08-27
T01034,incident,P4,2026-09-16
T01035,incident,P4,2026-08-02
T01036,incident,P3,2026-08-13
T01037,incident,P3,2026-07-24
T01038,incident,P3,2026-07-04
T01039,incident,P3,2026-09-10
T01040,incident,P4,2026-09-29
T01041,incident,P4,2026-07-09
T01042,incident,P3,2026-09-20
T01043,incident,P4,2026-07-16
T01044,incident,P3,2026-07-12
T01045,incident,P3,2026-09-11
T01046,incident,P4,2026-07-12
T01047,incident,P4,2026-09-24
T01048,incident,P4,2026-07-24
T01049,incident,P3,2026-07-21
T01050,incident,P4,2026-07-31
T01051,incident,P3,2026-07-29
T01052,incident,P4,2026-08-02
T01053,incident,P4,2026-07-08
T01054,incident,P4,2026-07-04
T01055,incident,P3,2026-07-07
T01056,incident,P4,2026-09-04
T01057,incident,P4,2026-09-21
T01058,incident,P3,2026-08-31
T01059,incident,P3,2026-07-19
T01060,incident,P4,2026-07-01
T01061,incident,P4,2026-09-25
T01062,incident,P4,2026-09-14
T01063,incident,P3,2026-09-22
T01064,incident,P3,2026-08-11
T01065,incident,P3,2026-08-19
T01066,incident,P3,2026-08-31
T01067,incident,P3,2026-08-26
T01068,incident,P4,2026-07-19
T01069,incident,P4,2026-07-02
T01070,incident,P4,2026-07-25
T01071,incident,P4,2026-07-21
T01072,incident,P3,2026-07-29
T01073,incident,P4,2026-09-18
T01074,incident,P4,2026-07-18
T01075,incident,P4,2026-07-13
T01076,incident,P4,2026-08-19
T01077,incident,P3,2026-09-19
T01078,incident,P3,2026-08-13
T01079,incident,P4,2026-07-30
T01080,incident,P3,2026-09-19
T01081,incident,P3,2026-08-12
T01082,incident,P3,2026-07-08
T01083,incident,P4,2026-08-27
T01084,incident,P4,2026-07-19
T01085,incident,P3,2026-07-20
T01086,incident,P3,2026-08-22
T01087,incident,P3,2026-07-04
T01088,incident,P3,2026-08-07
T01089,incident,P3,2026-07-22
T01090,incident,P3,2026-07-14
T01091,incident,P3,2026-08-31
T01092,incident,P3,2026-09-04
T01093,incident,P4,2026-09-24
T01094,incident,P4,2026-09-10
T01095,incident,P3,2026-08-06
T01096,incident,P4,2026-07-26
T01097,incident,P4,2026-08-25
T01098,incident,P4,2026-07-31
T01099,incident,P3,2026-07-13
T01100,incident,P4,2026-08-23
T01101,incident,P4,2026-07-08
T01102,incident,P3,2026-08-07
T01103,incident,P2,2026-09-20
T01104,incident,P3,2026-09-03
T01105,incident,P4,2026-07-18
T01106,incident,P3,2026-09-06
T01107,incident,P4,2026-08-16
T01108,incident,P3,2026-08-22
T01109,incident,P3,2026-09-12
T01110,incident,P4,2026-07-24
T01111,incident,P4,2026-07-30
T01112,incident,P4,2026-07-26
T01113,incident,P4,2026-07-12
T01114,incident,P4,2026-09-02
T01115,incident,P3,2026-07-23
T01116,incident,P4,2026-09-17
T01117,incident,P4,2026-09-19
T01118,incident,P3,2026-09-13
T01119,incident,P3,2026-07-02
T01120,incident,P3,2026-09-05
T01121,incident,P4,2026-07-08
T01122,incident,P3,2026-08-14
T01123,incident,P4,2026-09-20
T01124,incident,P3,2026-09-02
T01125,incident,P4,2026-08-22
T01126,incident,P3,2026-08-31
T01127,incident,P3,2026-09-24
T01128,incident,P4,2026-07-24
T01129,incident,P3,2026-08-16
T01130,incident,P3,2026-09-28
T01131,incident,P4,2026-09-15
T01132,incident,P4,2026-08-15
T01133,incident,P4,2026-08-27
T01134,incident,P3,2026-07-10
T01135,incident,P3,2026-09-30
T01136,incident,P4,2026-08-11
T01137,incident,P4,2026-08-18
T01138,incident,P3,2026-07-08
T01139,incident,P4,2026-07-14
T01140,incident,P4,2026-09-02
T01141,incident,P4,2026-07-04
T01142,incident,P3,2026-09-07
T01143,incident,P4,2026-08-01
T01144,incident,P4,2026-07-29
T01145,incident,P3,2026-07-22
T01146,incident,P4,2026-08-02
T01147,incident,P2,2026-07-04
T01148,incident,P4,2026-09-28
T01149,incident,P2,2026-08-03
T01150,incident,P4,2026-09-15
T01151,incident,P4,2026-08-29
T01152,incident,P4,2026-09-28
T01153,incident,P4,2026-08-14
T01154,incident,P3,2026-09-30
T01155,incident,P3,2026-08-04
T01156,incident,P4,2026-09-02
T01157,incident,P3,2026-08-05
T01158,incident,P3,2026-07-16
T01159,incident,P4,2026-07-18
T01160,incident,P4,2026-07-30
T01161,incident,P4,2026-07-19
T01162,incident,P4,2026-08-29
T01163,incident,P4,2026-07-22
T01164,incident,P4,2026-07-03
T01165,incident,P4,2026-08-19
T01166,incident,P4,2026-09-15
T01167,incident,P3,2026-09-06
T01168,incident,P4,2026-07-07
T01169,incident,P3,2026-08-13
T01170,incident,P4,2026-08-12
T01171,incident,P4,2026-09-11
T01172,incident,P4,2026-08-11
T01173,incident,P3,2026-09-10
T01174,incident,P3,2026-09-05
T01175,incident,P4,2026-09-26
T01176,incident,P4,2026-08-01
T01177,incident,P4,2026-09-23
T01178,incident,P3,2026-08-16
T01179,incident,P3,2026-07-24
T01180,incident,P3,2026-08-25
T01181,incident,P3,2026-09-24
T01182,incident,P4,2026-07-18
T01183,incident,P4,2026-08-20
T01184,incident,P4,2026-08-28
T01185,incident,P3,2026-07-06
T01186,incident,P4,2026-09-21
T01187,incident,P4,2026-09-25
T01188,incident,P4,2026-09-19
T01189,incident,P4,2026-07-05
T01190,incident,P3,2026-08-02
T01191,incident,P4,2026-07-02
T01192,incident,P3,2026-07-06
T01193,incident,P3,2026-08-09
T01194,incident,P3,2026-07-22
T01195,incident,P4,2026-09-15
T01196,incident,P4,2026-09-04
T01197,incident,P4,2026-07-11
T01198,incident,P4,2026-09-07
T01199,incident,P3,2026-08-26
T01200,incident,P4,2026-07-17
T01201,incident,P4,2026-08-22
T01202,incident,P3,2026-08-05
T01203,incident,P4,2026-07-12
T01204,incident,P4,2026-08-06
T01205,incident,P4,2026-09-17
T01206,incident,P4,2026-07-29
T01207,incident,P4,2026-07-26
T01208,incident,P4,2026-08-16
T01209,incident,P3,2026-09-09
T01210,incident,P4,2026-08-31
T01211,incident,P3,2026-08-09
T01212,incident,P3,2026-08-12
T01213,incident,P4,2026-09-04
T01214,incident,P3,2026-09-13
T01215,incident,P3,2026-08-15
T01216,incident,P3,2026-07-31
T01217,incident,P4,2026-08-11
T01218,incident,P4,2026-08-06
T01219,incident,P3,2026-07-28
T01220,incident,P3,2026-07-03
T01221,incident,P4,2026-07-09
T01222,incident,P4,2026-08-14
T01223,incident,P4,2026-07-08
T01224,incident,P3,2026-08-26
T01225,incident,P4,2026-07-14
T01226,incident,P4,2026-09-25
T01227,incident,P3,2026-07-20
T01228,incident,P3,2026-09-24
T01229,incident,P3,2026-09-25
T01230,incident,P4,2026-09-17
T01231,incident,P3,2026-09-05
T01232,incident,P3,2026-08-30
T01233,incident,P4,2026-09-19
T01234,incident,P3,2026-09-29
T01235,incident,P1,2026-07-14
T01236,incident,P4,2026-09-09
T01237,incident,P3,2026-09-02
T01238,incident,P3,2026-09-12
T01239,incident,P4,2026-08-05
T01240,incident,P3,2026-09-16
T01241,incident,P4,2026-08-27
T01242,incident,P4,2026-08-06
T01243,incident,P3,2026-08-07
T01244,incident,P4,2026-09-06
T01245,incident,P4,2026-08-19
T01246,incident,P4,2026-07-01
T01247,incident,P3,2026-09-02
T01248,incident,P3,2026-08-08
T01249,incident,P4,2026-08-08
T01250,incident,P4,2026-08-25
T01251,incident,P3,2026-09-13
T01252,incident,P3,2026-08-12
T01253,incident,P4,2026-09-16
T01254,incident,P3,2026-08-11
T01255,incident,P4,2026-08-24
T01256,incident,P3,2026-07-02
T01257,incident,P4,2026-08-02
T01258,incident,P3,2026-09-02
T01259,incident,P4,2026-09-07
T01260,incident,P4,2026-09-07
T01261,incident,P4,2026-08-25
T01262,incident,P4,2026-09-05
T01263,incident,P3,2026-08-25
T01264,incident,P3,2026-08-15
T01265,incident,P3,2026-09-25
T01266,incident,P4,2026-07-02
T01267,incident,P3,2026-09-06
T01268,incident,P3,2026-08-22
T01269,incident,P4,2026-08-21
T01270,incident,P3,2026-09-12
T01271,incident,P4,2026-07-25
T01272,incident,P3,2026-09-01
T01273,incident,P4,2026-09-18
T01274,incident,P3,2026-09-14
T01275,incident,P4,2026-09-06
T01276,incident,P3,2026-07-12
T01277,incident,P3,2026-08-10
T01278,incident,P4,2026-07-10
T01279,incident,P3,2026-09-04
T01280,incident,P4,2026-09-22
T01281,incident,P3,2026-09-27
T01282,incident,P4,2026-09-04
T01283,incident,P4,2026-08-23
T01284,incident,P3,2026-09-06
T01285,incident,P3,2026-09-04
T01286,incident,P3,2026-07-25
T01287,incident,P4,2026-07-08
T01288,incident,P3,2026-09-16
T01289,incident,P4,2026-09-11
T01290,incident,P4,2026-09-20
T01291,incident,P3,2026-09-27
T01292,incident,P3,2026-07-01
T01293,incident,P4,2026-09-27
T01294,incident,P3,2026-08-08
T01295,incident,P4,2026-07-13
T01296,incident,P3,2026-09-24
T01297,incident,P4,2026-07-23
T01298,incident,P4,2026-09-09
T01299,incident,P4,2026-09-21
T01300,incident,P4,2026-09-04
T01301,incident,P3,2026-09-12
T01302,incident,P3,2026-09-16
T01303,incident,P4,2026-07-21
T01304,incident,P3,2026-09-04
T01305,incident,P3,2026-07-13
T01306,incident,P4,2026-09-05
T01307,incident,P4,2026-08-29
T01308,incident,P4,2026-07-08
T01309,incident,P4,2026-09-26
T01310,incident,P3,2026-08-11
T01311,incident,P3,2026-07-31
T01312,incident,P3,2026-07-22
T01313,incident,P3,2026-09-19
T01314,incident,P3,2026-09-13
T01315,incident,P4,2026-07-25
T01316,incident,P2,2026-08-19
T01317,incident,P4,2026-07-29
T01318,incident,P4,2026-09-13
T01319,incident,P4,2026-07-06
T01320,incident,P3,2026-09-18
T01321,incident,P3,2026-07-29
T01322,incident,P4,2026-09-14
T01323,incident,P2,2026-08-10
T01324,incident,P3,2026-08-28
T01325,incident,P3,2026-09-16
T01326,incident,P4,2026-09-02
T01327,incident,P3,2026-07-09
T01328,incident,P4,2026-08-19
T01329,incident,P3,2026-09-13
T01330,incident,P3,2026-08-09
T01331,incident,P4,2026-09-30
T01332,incident,P3,2026-08-01
T01333,incident,P3,2026-07-22
T01334,incident,P2,2026-07-24
T01335,incident,P3,2026-08-07
T01336,incident,P3,2026-08-16
T01337,incident,P4,2026-09-07
T01338,incident,P3,2026-08-12
T01339,incident,P4,2026-07-09
T01340,incident,P4,2026-08-24
T01341,incident,P4,2026-08-14
T01342,incident,P3,2026-08-19
T01343,incident,P3,2026-08-06
T01344,incident,P3,2026-08-25
T01345,incident,P3,2026-09-24
T01346,incident,P3,2026-07-20
T01347,incident,P3,2026-07-17
T01348,incident,P4,2026-08-04
T01349,incident,P4,2026-07-17
T01350,incident,P4,2026-08-29
T01351,incident,P3,2026-07-31
T01352,incident,P3,2026-08-15
T01353,incident,P3,2026-08-21
T01354,incident,P3,2026-09-13
T01355,incident,P4,2026-08-30
T01356,incident,P4,2026-07-30
T01357,incident,P3,2026-09-25
T01358,incident,P4,2026-09-29
T01359,incident,P4,2026-09-15
T01360,incident,P4,2026-09-14
T01361,incident,P3,2026-09-07
T01362,incident,P4,2026-09-16
T01363,incident,P4,2026-07-17
T01364,incident,P4,2026-07-16
T01365,incident,P4,2026-07-12
T01366,incident,P4,2026-08-04
T01367,incident,P3,2026-08-19
T01368,incident,P4,2026-09-30
T01369,incident,P2,2026-08-09
T01370,incident,P3,2026-09-29
T01371,incident,P4,2026-07-23
T01372,incident,P3,2026-07-30
T01373,incident,P4,2026-09-23
T01374,incident,P4,2026-07-09
T01375,incident,P4,2026-08-16
T01376,incident,P3,2026-08-08
T01377,incident,P3,2026-09-30
T01378,incident,P3,2026-07-29
T01379,incident,P3,2026-09-30
T01380,incident,P3,2026-08-15
T01381,incident,P4,2026-08-29
T01382,incident,P4,2026-09-19
T01383,incident,P4,2026-07-17
T01384,incident,P3,2026-07-23
T01385,incident,P4,2026-09-25
T01386,incident,P3,2026-09-27
T01387,incident,P3,2026-08-22
T01388,incident,P4,2026-09-29
T01389,incident,P4,2026-08-01
T01390,incident,P3,2026-08-21
T01391,incident,P3,2026-09-19
T01392,incident,P3,2026-08-07
T01393,incident,P4,2026-09-16
T01394,incident,P4,2026-09-30
T01395,incident,P3,2026-08-21
T01396,incident,P4,2026-07-21
T01397,incident,P3,2026-08-08
T01398,incident,P4,2026-07-06
T01399,incident,P4,2026-09-19
T01400,incident,P4,2026-07-23
T01401,incident,P4,2026-07-30
T01402,incident,P4,2026-09-30
T01403,incident,P4,2026-08-25
T01404,incident,P3,2026-09-12
T01405,incident,P3,2026-07-01
T01406,incident,P3,2026-09-22
T01407,incident,P4,2026-07-06
T01408,incident,P4,2026-09-13
T01409,incident,P4,2026-07-07
T01410,incident,P3,2026-09-26
T01411,incident,P3,2026-08-10
T01412,incident,P4,2026-08-14
T01413,incident,P3,2026-07-12
T01414,incident,P4,2026-08-20
T01415,incident,P4,2026-09-17
T01416,incident,P4,2026-08-05
T01417,incident,P4,2026-08-14
T01418,incident,P4,2026-08-24
T01419,incident,P4,2026-08-13
T01420,incident,P4,2026-09-27
T01421,incident,P4,2026-09-19
T01422,incident,P3,2026-09-04
T01423,incident,P3,2026-09-28
T01424,incident,P4,2026-09-25
T01425,incident,P4,2026-07-17
T01426,incident,P3,2026-07-25
T01427,incident,P4,2026-09-28
T01428,incident,P3,2026-09-10
T01429,incident,P3,2026-09-08
T01430,incident,P3,2026-09-20
T01431,incident,P3,2026-08-03
T01432,incident,P3,2026-07-08
T01433,incident,P3,2026-08-14
T01434,incident,P4,2026-07-26
T01435,incident,P3,2026-07-18
T01436,incident,P4,2026-09-29
T01437,incident,P3,2026-08-31
T01438,incident,P2,2026-07-31
T01439,incident,P4,2026-09-27
T01440,incident,P3,2026-09-21
T01441,incident,P3,2026-08-08
T01442,incident,P3,2026-09-29
T01443,incident,P3,2026-09-11
T01444,incident,P4,2026-09-19
T01445,incident,P4,2026-09-09
T01446,incident,P4,2026-07-22
T01447,incident,P4,2026-07-20
T01448,incident,P4,2026-08-29
T01449,incident,P4,2026-08-21
T01450,incident,P4,2026-07-15
T01451,incident,P3,2026-07-02
T01452,incident,P3,2026-07-27
T01453,incident,P3,2026-08-05
T01454,incident,P4,2026-07-15
T01455,incident,P4,2026-08-27
T01456,incident,P3,2026-07-21
T01457,incident,P4,2026-08-29
T01458,incident,P3,2026-08-07
T01459,incident,P3,2026-07-10
T01460,incident,P4,2026-08-29
T01461,incident,P3,2026-09-01
T01462,incident,P3,2026-09-30
T01463,incident,P3,2026-09-11
T01464,incident,P4,2026-09-21
T01465,incident,P4,2026-08-25
T01466,incident,P3,2026-09-08
T01467,incident,P4,2026-08-15
T01468,incident,P3,2026-09-21
T01469,incident,P4,2026-09-17
T01470,incident,P4,2026-09-22
T01471,incident,P3,2026-09-22
T01472,incident,P4,2026-07-18
T01473,incident,P4,2026-07-04
T01474,incident,P3,2026-07-19
T01475,incident,P4,2026-07-24
T01476,incident,P4,2026-09-06
T01477,incident,P3,2026-09-26
T01478,incident,P4,2026-08-09
T01479,incident,P3,2026-08-11
T01480,incident,P4,2026-09-21
T01481,incident,P3,2026-08-10
T01482,incident,P4,2026-07-18
T01483,incident,P4,2026-08-17
T01484,incident,P3,2026-08-02
T01485,incident,P3,2026-07-06
T01486,incident,P4,2026-09-19
T01487,incident,P3,2026-09-29
T01488,incident,P4,2026-07-07
T01489,incident,P4,2026-09-02
T01490,incident,P4,2026-07-21
T01491,incident,P4,2026-09-16
T01492,incident,P3,2026-07-11
T01493,incident,P3,2026-07-30
T01494,incident,P4,2026-08-26
T01495,incident,P3,2026-08-21
T01496,incident,P4,2026-07-06
T01497,incident,P3,2026-08-31
T01498,incident,P1,2026-08-17
T01499,incident,P4,2026-09-17
T01500,incident,P4,2026-09-04
T01501,incident,P3,2026-08-06
T01502,incident,P4,2026-07-08
T01503,incident,P4,2026-08-23
T01504,incident,P4,2026-07-09
T01505,incident,P4,2026-09-24
T01506,incident,P4,2026-07-23
T01507,incident,P3,2026-07-22
T01508,incident,P4,2026-07-01
T01509,incident,P4,2026-09-11
T01510,incident,P3,2026-09-11
T01511,incident,P4,2026-07-11
T01512,incident,P4,2026-09-05
T01513,incident,P4,2026-09-07
T01514,incident,P4,2026-07-20
T01515,incident,P4,2026-09-16
T01516,incident,P4,2026-07-08
T01517,incident,P4,2026-08-12
T01518,incident,P4,2026-08-08
T01519,incident,P4,2026-08-23
T01520,incident,P4,2026-08-31
T01521,incident,P3,2026-07-18
T01522,incident,P4,2026-08-13
T01523,incident,P3,2026-09-20
T01524,incident,P3,2026-07-25
T01525,incident,P4,2026-08-27
T01526,incident,P4,2026-07-19
T01527,incident,P4,2026-08-17
T01528,incident,P3,2026-08-23
T01529,incident,P4,2026-07-31
T01530,incident,P3,2026-08-20
T01531,incident,P3,2026-07-30
T01532,incident,P4,2026-07-26
T01533,incident,P3,2026-07-15
T01534,incident,P4,2026-08-02
T01535,incident,P4,2026-07-25
T01536,incident,P4,2026-08-02
T01537,incident,P4,2026-07-30
T01538,incident,P4,2026-07-29
T01539,incident,P3,2026-09-28
T01540,incident,P4,2026-09-04
T01541,incident,P3,2026-09-11
T01542,incident,P4,2026-08-22
T01543,incident,P3,2026-08-26
T01544,incident,P4,2026-09-03
T01545,incident,P4,2026-09-30
T01546,incident,P4,2026-07-15
T01547,incident,P3,2026-09-04
T01548,incident,P3,2026-09-26
T01549,incident,P4,2026-07-22
T01550,incident,P4,2026-07-25
T01551,incident,P3,2026-07-12
T01552,incident,P3,2026-09-18
T01553,incident,P3,2026-07-31
T01554,incident,P2,2026-07-06
T01555,incident,P4,2026-09-15
T01556,incident,P3,2026-08-28
T01557,incident,P3,2026-09-29
T01558,incident,P4,2026-07-12
T01559,incident,P4,2026-07-26
T01560,incident,P3,2026-08-15
T01561,incident,P4,2026-08-13
T01562,incident,P2,2026-09-26
T01563,incident,P3,2026-08-02
T01564,incident,P4,2026-08-17
T01565,incident,P4,2026-09-06
T01566,incident,P3,2026-09-01
T01567,incident,P3,2026-09-16
T01568,incident,P4,2026-08-15
T01569,incident,P3,2026-09-16
T01570,incident,P3,2026-09-25
T01571,incident,P3,2026-08-15
T01572,incident,P3,2026-08-27
T01573,incident,P4,2026-09-13
T01574,incident,P4,2026-07-03
T01575,incident,P4,2026-07-10
T01576,incident,P3,2026-07-24
T01577,incident,P4,2026-08-07
T01578,incident,P3,2026-09-24
T01579,incident,P4,2026-07-19
T01580,incident,P4,2026-08-02
T01581,incident,P4,2026-09-27
T01582,incident,P4,2026-08-04
T01583,incident,P3,2026-07-02
T01584,incident,P4,2026-07-20
T01585,incident,P4,2026-08-31
T01586,incident,P3,2026-07-05
T01587,incident,P4,2026-09-18
T01588,incident,P4,2026-09-25
T01589,incident,P4,2026-08-30
T01590,incident,P4,2026-09-27
T01591,incident,P3,2026-08-20
T01592,incident,P4,2026-09-17
T01593,incident,P3,2026-08-16
T01594,incident,P3,2026-07-28
T01595,incident,P4,2026-07-17
T01596,incident,P3,2026-07-06
T01597,incident,P4,2026-08-16
T01598,incident,P4,2026-08-12
T01599,incident,P4,2026-08-19
T01600,incident,P2,2026-08-10
T01601,incident,P4,2026-09-13
T01602,incident,P3,2026-07-30
T01603,incident,P4,2026-08-28
T01604,incident,P3,2026-09-16
T01605,incident,P4,2026-07-19
T01606,incident,P3,2026-07-19
T01607,incident,P3,2026-08-04
T01608,incident,P3,2026-08-03
T01609,incident,P4,2026-09-12
T01610,incident,P4,2026-07-18
T01611,incident,P4,2026-07-05
T01612,incident,P4,2026-07-13
T01613,incident,P4,2026-08-24
T01614,incident,P3,2026-09-20
T01615,incident,P4,2026-08-06
T01616,incident,P4,2026-07-31
T01617,incident,P4,2026-07-19
T01618,incident,P4,2026-08-08
T01619,incident,P4,2026-08-13
T01620,incident,P4,2026-09-04
T01621,incident,P3,2026-08-01
T01622,incident,P4,2026-09-09
T01623,incident,P3,2026-08-12
T01624,incident,P4,2026-08-13
T01625,incident,P4,2026-08-31
T01626,incident,P4,2026-08-01
T01627,incident,P3,2026-08-14
T01628,incident,P2,2026-07-27
T01629,incident,P4,2026-09-24
T01630,incident,P3,2026-08-27
T01631,incident,P4,2026-08-08
T01632,incident,P3,2026-09-14
T01633,incident,P4,2026-08-08
T01634,incident,P4,2026-08-02
T01635,incident,P4,2026-09-09
T01636,incident,P3,2026-08-13
T01637,incident,P4,2026-07-25
T01638,incident,P4,2026-07-11
T01639,incident,P4,2026-08-08
T01640,incident,P3,2026-08-29
T01641,incident,P4,2026-09-27
T01642,incident,P4,2026-07-09
T01643,incident,P4,2026-08-10
T01644,incident,P4,2026-08-05
T01645,incident,P3,2026-09-08
T01646,incident,P4,2026-07-22
T01647,incident,P4,2026-07-31
T01648,incident,P3,2026-07-28
T01649,incident,P3,2026-08-27
T01650,incident,P3,2026-09-16
T01651,incident,P4,2026-09-03
T01652,incident,P3,2026-07-26
T01653,incident,P4,2026-07-08
T01654,incident,P3,2026-09-15
T01655,incident,P4,2026-07-10
T01656,incident,P3,2026-09-12
T01657,incident,P2,2026-07-18
T01658,incident,P4,2026-08-04
T01659,incident,P4,2026-07-02
T01660,incident,P3,2026-07-04
T01661,incident,P4,2026-08-11
T01662,incident,P4,2026-07-04
T01663,incident,P4,2026-08-21
T01664,incident,P3,2026-08-13
T01665,incident,P4,2026-08-23
T01666,incident,P4,2026-07-12
T01667,incident,P4,2026-08-12
T01668,incident,P3,2026-09-15
T01669,incident,P4,2026-08-29
T01670,incident,P4,2026-07-04
T01671,incident,P4,2026-09-11
T01672,incident,P3,2026-08-10
T01673,incident,P4,2026-09-17
T01674,incident,P3,2026-08-12
T01675,incident,P3,2026-07-03
T01676,incident,P4,2026-07-19
T01677,incident,P3,2026-07-12
T01678,incident,P4,2026-08-16
T01679,incident,P4,2026-09-07
T01680,incident,P3,2026-09-10
T01681,incident,P4,2026-09-16
T01682,incident,P4,2026-07-30
T01683,incident,P4,2026-08-03
T01684,incident,P4,2026-08-31
T01685,incident,P3,2026-09-21
T01686,incident,P4,2026-09-09
T01687,incident,P4,2026-08-28
T01688,incident,P4,2026-08-16
T01689,incident,P3,2026-08-05
T01690,incident,P4,2026-07-02
T01691,incident,P4,2026-07-13
T01692,incident,P3,2026-08-16
T01693,incident,P3,2026-09-19
T01694,incident,P4,2026-07-12
T01695,incident,P3,2026-09-18
T01696,incident,P4,2026-07-08
T01697,incident,P4,2026-07-27
T01698,incident,P3,2026-07-24
T01699,incident,P3,2026-09-16
T01700,incident,P4,2026-07-20
T01701,incident,P4,2026-07-21
T01702,incident,P4,2026-08-14
T01703,incident,P4,2026-08-01
T01704,incident,P3,2026-09-02
T01705,incident,P4,2026-08-14
T01706,incident,P4,2026-08-19
T01707,incident,P4,2026-08-11
T01708,incident,P3,2026-07-04
T01709,incident,P3,2026-07-02
T01710,incident,P4,2026-09-21
T01711,incident,P4,2026-09-25
T01712,incident,P3,2026-07-08
T01713,incident,P3,2026-08-18
T01714,incident,P4,2026-08-18
T01715,incident,P4,2026-09-19
T01716,incident,P3,2026-07-04
T01717,incident,P4,2026-08-03
T01718,incident,P3,2026-07-31
T01719,incident,P3,2026-07-27
T01720,incident,P4,2026-08-24
T01721,incident,P4,2026-08-08
T01722,incident,P3,2026-09-02
T01723,incident,P4,2026-09-11
T01724,incident,P4,2026-08-31
T01725,incident,P4,2026-08-04
T01726,incident,P4,2026-07-18
T01727,incident,P3,2026-08-06
T01728,incident,P4,2026-07-01
T01729,incident,P3,2026-08-01
T01730,incident,P4,2026-09-26
T01731,incident,P3,2026-08-27
T01732,incident,P4,2026-07-07
T01733,incident,P4,2026-07-27
T01734,incident,P3,2026-08-16
T01735,incident,P3,2026-08-26
T01736,incident,P4,2026-07-18
T01737,incident,P4,2026-08-08
T01738,incident,P3,2026-07-15
T01739,incident,P3,2026-07-02
T01740,incident,P3,2026-08-08
T01741,incident,P3,2026-08-15
T01742,incident,P4,2026-07-22
T01743,incident,P3,2026-08-20
T01744,incident,P4,2026-08-13
T01745,incident,P4,2026-09-24
T01746,incident,P4,2026-08-12
T01747,incident,P4,2026-07-05
T01748,incident,P4,2026-07-26
T01749,incident,P2,2026-09-27
T01750,incident,P4,2026-07-18
T01751,incident,P4,2026-07-30
T01752,incident,P3,2026-09-28
T01753,incident,P3,2026-07-03
T01754,incident,P3,2026-08-10
T01755,incident,P3,2026-07-15
T01756,incident,P4,2026-09-01
T01757,incident,P4,2026-09-06
T01758,incident,P3,2026-07-23
T01759,incident,P3,2026-09-08
T01760,incident,P4,2026-09-08
T01761,incident,P4,2026-07-15
T01762,incident,P4,2026-09-02
T01763,incident,P3,2026-07-10
T01764,incident,P4,2026-07-28
T01765,incident,P4,2026-07-29
T01766,incident,P4,2026-08-04
T01767,incident,P3,2026-07-02
T01768,incident,P4,2026-07-09
T01769,incident,P4,2026-07-26
T01770,incident,P4,2026-08-22
T01771,incident,P3,2026-08-16
T01772,incident,P4,2026-08-11
T01773,incident,P4,2026-09-22
T01774,incident,P4,2026-08-06
T01775,incident,P3,2026-09-27
T01776,incident,P3,2026-09-30
T01777,incident,P3,2026-08-24
T01778,incident,P3,2026-08-23
T01779,incident,P3,2026-07-20
T01780,incident,P4,2026-08-19
T01781,incident,P4,2026-07-19
T01782,incident,P2,2026-09-20
T01783,incident,P4,2026-09-16
T01784,incident,P4,2026-08-02
T01785,incident,P4,2026-08-18
T01786,incident,P4,2026-07-26
T01787,incident,P4,2026-07-12
T01788,incident,P4,2026-07-05
T01789,incident,P3,2026-07-07
T01790,incident,P3,2026-09-10
T01791,incident,P4,2026-09-21
T01792,incident,P3,2026-09-24
T01793,incident,P1,2026-09-12
T01794,incident,P4,2026-09-21
T01795,incident,P3,2026-09-04
T01796,incident,P4,2026-09-08
T01797,incident,P4,2026-07-31
T01798,incident,P3,2026-08-18
T01799,incident,P3,2026-07-09
T01800,incident,P3,2026-09-06
T01801,incident,P4,2026-09-23
T01802,incident,P3,2026-08-11
T01803,incident,P4,2026-09-08
T01804,incident,P4,2026-09-17
T01805,incident,P4,2026-08-03
T01806,incident,P4,2026-08-30
T01807,incident,P4,2026-08-14
T01808,incident,P4,2026-08-31
T01809,incident,P3,2026-07-19
T01810,incident,P3,2026-09-06
T01811,incident,P4,2026-07-27
T01812,incident,P3,2026-08-16
T01813,incident,P3,2026-07-23
T01814,incident,P4,2026-09-23
T01815,incident,P4,2026-09-20
T01816,incident,P4,2026-09-22
T01817,incident,P3,2026-07-06
T01818,incident,P4,2026-08-16
T01819,incident,P3,2026-08-24
T01820,incident,P4,2026-07-20
T01821,incident,P3,2026-08-18
T01822,incident,P4,2026-08-15
T01823,incident,P4,2026-09-05
T01824,incident,P4,2026-08-27
T01825,incident,P3,2026-08-05
T01826,incident,P4,2026-08-27
T01827,incident,P4,2026-08-27
T01828,incident,P4,2026-07-23
T01829,incident,P2,2026-07-20
T01830,incident,P3,2026-07-17
T01831,incident,P4,2026-09-05
T01832,incident,P3,2026-09-18
T01833,incident,P4,2026-08-13
T01834,incident,P2,2026-08-02
T01835,incident,P1,2026-07-26
T01836,incident,P3,2026-08-03
T01837,incident,P3,2026-07-23
T01838,incident,P3,2026-09-08
T01839,incident,P3,2026-08-11
T01840,incident,P4,2026-08-03
T01841,incident,P4,2026-07-12
T01842,incident,P4,2026-09-02
T01843,incident,P3,2026-07-26
T01844,incident,P4,2026-08-07
T01845,incident,P4,2026-08-17
T01846,incident,P4,2026-09-30
T01847,incident,P3,2026-08-16
T01848,incident,P4,2026-08-07
T01849,incident,P4,2026-08-25
T01850,incident,P3,2026-08-02
T01851,incident,P4,2026-08-19
T01852,incident,P4,2026-07-17
T01853,incident,P4,2026-07-25
T01854,incident,P4,2026-09-30
T01855,incident,P4,2026-07-09
T01856,incident,P4,2026-08-12
T01857,incident,P4,2026-07-11
T01858,incident,P3,2026-08-18
T01859,incident,P4,2026-08-23
T01860,incident,P4,2026-09-21
T01861,incident,P3,2026-07-04
T01862,incident,P4,2026-09-11
T01863,incident,P4,2026-08-29
T01864,incident,P3,2026-08-25
T01865,incident,P3,2026-08-30
T01866,incident,P4,2026-07-09
T01867,incident,P3,2026-09-01
T01868,incident,P4,2026-07-02
T01869,incident,P3,2026-07-26
T01870,incident,P4,2026-07-06
T01871,incident,P4,2026-08-07
T01872,incident,P4,2026-08-19
T01873,incident,P3,2026-07-16
T01874,incident,P4,2026-07-10
T01875,incident,P3,2026-07-02
T01876,incident,P4,2026-07-12
T01877,incident,P4,2026-07-28
T01878,incident,P4,2026-07-08
T01879,incident,P4,2026-07-26
T01880,incident,P4,2026-08-31
T01881,incident,P4,2026-09-09
T01882,incident,P4,2026-08-23
T01883,incident,P4,2026-07-18
T01884,incident,P4,2026-07-07
T01885,incident,P3,2026-07-19
T01886,incident,P4,2026-07-25
T01887,incident,P3,2026-07-01
T01888,incident,P3,2026-09-07
T01889,incident,P3,2026-08-03
T01890,incident,P3,2026-08-19
T01891,incident,P4,2026-08-08
T01892,incident,P4,2026-09-04
T01893,incident,P3,2026-09-26
T01894,incident,P3,2026-08-08
T01895,incident,P4,2026-08-18
T01896,incident,P3,2026-09-08
T01897,incident,P3,2026-07-26
T01898,incident,P4,2026-07-27
T01899,incident,P4,2026-08-17
T01900,incident,P4,2026-09-23
T01901,incident,P3,2026-09-13
T01902,incident,P3,2026-08-13
T01903,incident,P4,2026-09-29
T01904,incident,P4,2026-07-07
T01905,incident,P4,2026-07-02
T01906,incident,P4,2026-08-22
T01907,incident,P3,2026-08-11
T01908,incident,P4,2026-07-29
T01909,incident,P3,2026-08-07
T01910,incident,P4,2026-07-27
T01911,incident,P4,2026-09-14
T01912,incident,P4,2026-08-21
T01913,incident,P3,2026-08-26
T01914,incident,P3,2026-07-27
T01915,incident,P4,2026-08-25
T01916,incident,P3,2026-07-16
T01917,incident,P4,2026-07-10
T01918,incident,P3,2026-09-02
T01919,incident,P4,2026-09-10
T01920,incident,P4,2026-07-22
T01921,incident,P4,2026-09-25
T01922,incident,P4,2026-08-07
T01923,incident,P4,2026-09-07
T01924,incident,P4,2026-07-19
T01925,incident,P3,2026-09-30
T01926,incident,P4,2026-07-13
T01927,incident,P4,2026-07-26
T01928,incident,P3,2026-07-07
T01929,incident,P4,2026-09-23
T01930,incident,P4,2026-09-29
T01931,incident,P4,2026-09-26
T01932,incident,P4,2026-07-08
T01933,incident,P3,2026-07-18
T01934,incident,P3,2026-08-27
T01935,incident,P4,2026-07-30
T01936,incident,P4,2026-08-10
T01937,incident,P3,2026-07-20
T01938,incident,P3,2026-08-03
T01939,incident,P3,2026-07-28
T01940,incident,P4,2026-09-24
T01941,incident,P4,2026-08-20
T01942,incident,P3,2026-08-11
T01943,incident,P3,2026-09-21
T01944,incident,P4,2026-09-22
T01945,incident,P3,2026-07-12
T01946,incident,P4,2026-07-20
T01947,incident,P3,2026-08-25
T01948,incident,P3,2026-08-21
T01949,incident,P3,2026-08-15
T01950,incident,P4,2026-07-27
T01951,incident,P4,2026-09-06
T01952,incident,P4,2026-08-07
T01953,incident,P4,2026-07-03
T01954,incident,P4,2026-09-02
T01955,incident,P3,2026-07-12
T01956,incident,P4,2026-08-05
T01957,incident,P4,2026-09-15
T01958,incident,P3,2026-07-12
T01959,incident,P3,2026-08-30
T01960,incident,P4,2026-07-30
T01961,incident,P3,2026-08-08
T01962,incident,P3,2026-09-15
T01963,incident,P3,2026-07-01
T01964,incident,P4,2026-07-20
T01965,incident,P3,2026-07-07
T01966,incident,P4,2026-08-14
T01967,incident,P3,2026-08-01
T01968,incident,P3,2026-08-16
T01969,incident,P4,2026-08-08
T01970,incident,P4,2026-09-10
T01971,incident,P3,2026-09-09
T01972,incident,P4,2026-07-21
T01973,incident,P3,2026-08-29
T01974,incident,P4,2026-07-06
T01975,incident,P3,2026-07-13
T01976,incident,P3,2026-09-28
T01977,incident,P4,2026-09-12
T01978,incident,P3,2026-07-10
T01979,incident,P4,2026-09-23
T01980,incident,P3,2026-08-16
T01981,incident,P3,2026-07-12
T01982,incident,P4,2026-09-21
T01983,incident,P3,2026-08-31
T01984,incident,P3,2026-08-03
T01985,incident,P3,2026-07-31
T01986,incident,P3,2026-09-02
T01987,incident,P3,2026-09-08
T01988,incident,P3,2026-08-29
T01989,incident,P4,2026-09-11
T01990,incident,P3,2026-09-03
T01991,incident,P3,2026-07-26
T01992,incident,P3,2026-09-10
T01993,incident,P4,2026-07-17
T01994,incident,P4,2026-09-07
T01995,incident,P2,2026-07-13
T01996,incident,P4,2026-07-07
T01997,incident,P4,2026-09-28
T01998,incident,P4,2026-09-27
T01999,incident,P4,2026-07-12
T02000,incident,P4,2026-07-20
T02001,incident,P4,2026-07-04
T02002,incident,P4,2026-09-18
T02003,incident,P4,2026-08-07
T02004,incident,P3,2026-07-16
T02005,incident,P3,2026-09-13
T02006,incident,P4,2026-08-01
T02007,incident,P4,2026-09-04
T02008,incident,P4,2026-07-08
T02009,incident,P4,2026-07-10
T02010,incident,P3,2026-07-13
T02011,incident,P4,2026-09-18
T02012,incident,P4,2026-07-23
T02013,incident,P3,2026-08-13
T02014,incident,P4,2026-08-29
T02015,incident,P2,2026-07-24
T02016,incident,P4,2026-08-22
T02017,incident,P3,2026-07-05
T02018,incident,P3,2026-08-01
T02019,incident,P4,2026-09-04
T02020,incident,P4,2026-07-20
T02021,incident,P3,2026-07-18
T02022,incident,P4,2026-07-29
T02023,incident,P4,2026-09-29
T02024,incident,P4,2026-07-01
T02025,incident,P3,2026-08-31
T02026,incident,P4,2026-09-06
T02027,incident,P4,2026-07-09
T02028,incident,P3,2026-09-20
T02029,incident,P3,2026-09-19
T02030,incident,P4,2026-08-16
T02031,incident,P4,2026-07-12
T02032,incident,P4,2026-08-14
T02033,incident,P4,2026-09-02
T02034,incident,P3,2026-09-02
T02035,incident,P4,2026-09-27
T02036,incident,P4,2026-07-07
T02037,incident,P4,2026-09-26
T02038,incident,P3,2026-08-25
T02039,incident,P4,2026-09-20
T02040,incident,P3,2026-09-04
T02041,incident,P4,2026-09-14
T02042,incident,P3,2026-09-19
T02043,incident,P4,2026-08-02
T02044,incident,P3,2026-07-30
T02045,incident,P4,2026-09-14
T02046,incident,P4,2026-07-31
T02047,incident,P4,2026-09-12
T02048,incident,P4,2026-09-26
T02049,incident,P3,2026-07-07
T02050,incident,P4,2026-08-20
T02051,incident,P4,2026-09-26
T02052,incident,P4,2026-08-13
T02053,incident,P4,2026-08-21
T02054,incident,P4,2026-07-30
T02055,incident,P4,2026-08-13
T02056,incident,P4,2026-08-24
T02057,incident,P3,2026-07-01
T02058,incident,P2,2026-09-16
T02059,incident,P4,2026-07-15
T02060,incident,P3,2026-08-30
T02061,incident,P3,2026-09-16
T02062,incident,P3,2026-07-19
T02063,incident,P3,2026-07-28
T02064,incident,P4,2026-08-20
T02065,incident,P3,2026-09-18
T02066,incident,P3,2026-08-12
T02067,incident,P3,2026-08-04
T02068,incident,P3,2026-08-26
T02069,incident,P4,2026-09-07
T02070,incident,P3,2026-07-16
T02071,incident,P3,2026-09-19
T02072,incident,P3,2026-07-24
T02073,incident,P4,2026-08-12
T02074,incident,P3,2026-08-16
T02075,incident,P4,2026-08-14
T02076,incident,P4,2026-09-17
T02077,incident,P3,2026-08-20
T02078,incident,P4,2026-08-10
T02079,incident,P4,2026-09-03
T02080,incident,P3,2026-09-16
T02081,incident,P3,2026-07-21
T02082,incident,P1,2026-07-02
T02083,incident,P3,2026-07-23
T02084,incident,P4,2026-08-01
T02085,incident,P3,2026-09-23
T02086,incident,P4,2026-08-15
T02087,incident,P4,2026-09-09
T02088,incident,P4,2026-09-04
T02089,incident,P4,2026-07-18
T02090,incident,P4,2026-08-02
T02091,incident,P4,2026-07-10
T02092,incident,P4,2026-08-12
T02093,incident,P3,2026-08-07
T02094,incident,P4,2026-09-23
T02095,incident,P3,2026-09-26
T02096,incident,P4,2026-09-05
T02097,incident,P4,2026-07-08
T02098,incident,P4,2026-09-02
T02099,incident,P4,2026-09-27
T02100,incident,P4,2026-07-08
T02101,incident,P3,2026-09-26
T02102,incident,P4,2026-08-18
T02103,incident,P4,2026-09-04
T02104,incident,P4,2026-09-16
T02105,incident,P4,2026-07-05
T02106,incident,P3,2026-08-31
T02107,incident,P3,2026-08-04
T02108,incident,P4,2026-09-14
T02109,incident,P3,2026-09-04
T02110,incident,P3,2026-08-20
T02111,incident,P4,2026-09-14
T02112,incident,P4,2026-08-05
T02113,incident,P3,2026-07-31
T02114,incident,P3,2026-09-08
T02115,incident,P4,2026-09-09
T02116,incident,P3,2026-09-22
T02117,incident,P4,2026-09-25
T02118,incident,P4,2026-09-02
T02119,incident,P3,2026-09-29
T02120,incident,P3,2026-08-05
T02121,incident,P4,2026-09-12
T02122,incident,P4,2026-07-07
T02123,incident,P4,2026-08-14
T02124,incident,P4,2026-07-26
T02125,incident,P3,2026-07-08
T02126,incident,P3,2026-09-05
T02127,incident,P4,2026-08-09
T02128,incident,P3,2026-09-14
T02129,incident,P4,2026-08-19
T02130,incident,P4,2026-08-16
T02131,incident,P3,2026-07-24
T02132,incident,P3,2026-08-30
T02133,incident,P4,2026-08-11
T02134,incident,P3,2026-08-21
T02135,incident,P3,2026-08-03
T02136,incident,P3,2026-08-10
T02137,incident,P3,2026-08-30
T02138,incident,P4,2026-07-27
T02139,incident,P4,2026-09-18
T02140,incident,P4,2026-08-22
T02141,incident,P3,2026-08-10
T02142,incident,P4,2026-08-05
T02143,incident,P4,2026-08-30
T02144,incident,P3,2026-09-24
T02145,incident,P3,2026-07-10
T02146,incident,P4,2026-08-16
T02147,incident,P4,2026-08-20
T02148,incident,P4,2026-08-06
T02149,incident,P3,2026-07-16
T02150,incident,P3,2026-07-02
T02151,incident,P4,2026-09-28
T02152,incident,P4,2026-08-15
T02153,incident,P3,2026-08-16
T02154,incident,P4,2026-08-01
T02155,incident,P3,2026-09-09
T02156,incident,P4,2026-09-16
T02157,incident,P4,2026-08-22
T02158,incident,P3,2026-09-30
T02159,incident,P3,2026-08-09
T02160,incident,P4,2026-07-23
T02161,incident,P4,2026-09-20
T02162,incident,P4,2026-07-16
T02163,incident,P4,2026-08-20
T02164,incident,P3,2026-08-13
T02165,incident,P4,2026-09-02
T02166,incident,P4,2026-08-14
T02167,incident,P4,2026-09-30
T02168,incident,P4,2026-09-07
T02169,incident,P4,2026-08-22
T02170,incident,P3,2026-08-06
T02171,incident,P4,2026-08-13
T02172,incident,P3,2026-08-22
T02173,incident,P4,2026-07-01
T02174,incident,P3,2026-09-24
T02175,incident,P3,2026-08-25
T02176,incident,P4,2026-09-12
T02177,incident,P4,2026-09-25
T02178,incident,P3,2026-07-17
T02179,incident,P4,2026-09-24
T02180,incident,P4,2026-07-31
T02181,incident,P4,2026-08-06
T02182,incident,P3,2026-09-22
T02183,incident,P3,2026-08-06
T02184,incident,P4,2026-09-29
T02185,incident,P4,2026-08-19
T02186,incident,P4,2026-08-05
T02187,incident,P4,2026-09-16
T02188,incident,P3,2026-09-04
T02189,incident,P4,2026-07-28
T02190,incident,P3,2026-08-09
T02191,incident,P4,2026-09-25
T02192,incident,P3,2026-07-11
T02193,incident,P4,2026-09-28
T02194,incident,P4,2026-07-16
T02195,incident,P3,2026-08-11
T02196,incident,P4,2026-08-28
T02197,incident,P4,2026-07-18
T02198,incident,P3,2026-09-03
T02199,incident,P4,2026-08-27
T02200,incident,P4,2026-09-15
T02201,incident,P4,2026-07-06
T02202,incident,P3,2026-08-29
T02203,incident,P3,2026-07-29
T02204,incident,P4,2026-08-13
T02205,incident,P4,2026-09-06
T02206,incident,P4,2026-07-28
T02207,incident,P3,2026-07-27
T02208,incident,P4,2026-09-12
T02209,incident,P3,2026-07-04
T02210,incident,P3,2026-07-23
T02211,incident,P3,2026-09-03
T02212,incident,P3,2026-08-17
T02213,incident,P3,2026-09-19
T02214,incident,P4,2026-07-12
T02215,incident,P3,2026-08-21
T02216,incident,P3,2026-09-14
T02217,incident,P4,2026-09-24
T02218,incident,P4,2026-07-08
T02219,incident,P3,2026-09-07
T02220,incident,P3,2026-08-02
T02221,incident,P4,2026-08-31
T02222,incident,P4,2026-08-25
T02223,incident,P4,2026-09-26
T02224,incident,P4,2026-09-18
T02225,incident,P4,2026-08-13
T02226,incident,P3,2026-07-15
T02227,incident,P4,2026-08-06
T02228,incident,P4,2026-07-10
T02229,incident,P2,2026-09-05
T02230,incident,P4,2026-07-26
T02231,incident,P4,2026-07-26
T02232,incident,P4,2026-07-26
T02233,incident,P4,2026-09-28
T02234,incident,P4,2026-08-07
T02235,incident,P4,2026-07-03
T02236,incident,P4,2026-09-17
T02237,incident,P3,2026-07-09
T02238,incident,P2,2026-08-23
T02239,incident,P4,2026-09-21
T02240,incident,P4,2026-09-19
T02241,incident,P3,2026-09-10
T02242,incident,P4,2026-07-21
T02243,incident,P4,2026-08-10
T02244,incident,P3,2026-08-09
T02245,incident,P4,2026-07-23
T02246,incident,P4,2026-08-23
T02247,incident,P4,2026-09-30
T02248,incident,P3,2026-07-14
T02249,incident,P3,2026-07-20
T02250,incident,P4,2026-08-30
T02251,incident,P4,2026-07-11
T02252,incident,P4,2026-08-10
T02253,incident,P4,2026-07-17
T02254,incident,P4,2026-09-06
T02255,incident,P3,2026-09-04
T02256,incident,P3,2026-08-15
T02257,incident,P4,2026-07-03
T02258,incident,P4,2026-07-25
T02259,incident,P4,2026-09-05
T02260,incident,P3,2026-08-19
T02261,incident,P3,2026-08-25
T02262,incident,P3,2026-07-02
T02263,incident,P4,2026-09-13
T02264,incident,P2,2026-07-04
T02265,incident,P4,2026-07-12
T02266,incident,P3,2026-07-06
T02267,incident,P4,2026-09-12
T02268,incident,P4,2026-07-10
T02269,incident,P4,2026-08-13
T02270,incident,P4,2026-08-29
T02271,incident,P4,2026-09-20
T02272,incident,P3,2026-07-01
T02273,incident,P3,2026-08-15
T02274,incident,P3,2026-07-14
T02275,incident,P4,2026-07-17
T02276,incident,P4,2026-08-26
T02277,incident,P4,2026-09-13
T02278,incident,P4,2026-09-26
T02279,incident,P4,2026-08-26
T02280,incident,P4,2026-09-11
T02281,incident,P4,2026-07-07
T02282,incident,P3,2026-07-22
T02283,incident,P4,2026-09-25
T02284,incident,P4,2026-07-31
T02285,incident,P4,2026-08-30
T02286,incident,P4,2026-08-30
T02287,incident,P4,2026-07-16
T02288,incident,P3,2026-09-15
T02289,incident,P3,2026-09-28
T02290,incident,P1,2026-07-30
T02291,incident,P4,2026-09-11
T02292,incident,P4,2026-07-29
T02293,incident,P3,2026-09-21
T02294,incident,P4,2026-07-13
T02295,incident,P4,2026-07-26
T02296,incident,P4,2026-07-05
T02297,incident,P3,2026-08-21
T02298,incident,P4,2026-07-29
T02299,incident,P4,2026-07-06
T02300,incident,P4,2026-09-20
T02301,incident,P3,2026-08-22
T02302,incident,P4,2026-07-20
T02303,incident,P4,2026-08-31
T02304,incident,P4,2026-07-14
T02305,incident,P3,2026-09-29
T02306,incident,P4,2026-07-19
T02307,incident,P4,2026-07-21
T02308,incident,P3,2026-08-11
T02309,incident,P4,2026-08-18
T02310,incident,P3,2026-07-01
T02311,incident,P4,2026-07-04
T02312,incident,P4,2026-07-11
T02313,incident,P4,2026-09-18
T02314,incident,P3,2026-09-07
T02315,incident,P4,2026-07-07
T02316,incident,P3,2026-09-17
T02317,incident,P4,2026-08-20
T02318,incident,P4,2026-09-10
T02319,incident,P3,2026-07-04
T02320,incident,P4,2026-09-03
T02321,incident,P3,2026-08-28
T02322,incident,P4,2026-09-29
T02323,incident,P4,2026-07-27
T02324,incident,P4,2026-07-15
T02325,incident,P4,2026-07-12
T02326,incident,P4,2026-08-15
T02327,incident,P4,2026-07-12
T02328,incident,P3,2026-07-13
T02329,incident,P3,2026-08-05
T02330,incident,P3,2026-08-07
T02331,incident,P4,2026-09-16
T02332,incident,P4,2026-08-12
T02333,incident,P3,2026-07-01
T02334,incident,P3,2026-07-06
T02335,incident,P4,2026-09-27
T02336,incident,P4,2026-07-28
T02337,incident,P4,2026-08-28
T02338,incident,P4,2026-09-17
T02339,incident,P4,2026-07-27
T02340,incident,P4,2026-07-11
T02341,incident,P4,2026-07-08
T02342,incident,P4,2026-07-04
T02343,incident,P4,2026-07-18
T02344,incident,P4,2026-08-25
T02345,incident,P3,2026-07-08
T02346,incident,P4,2026-08-07
T02347,incident,P3,2026-09-29
T02348,incident,P4,2026-08-08
T02349,incident,P3,2026-07-04
T02350,incident,P3,2026-07-13
T02351,incident,P4,2026-07-21
T02352,incident,P4,2026-09-22
T02353,incident,P4,2026-08-30
T02354,incident,P3,2026-08-11
T02355,incident,P2,2026-08-01
T02356,incident,P3,2026-09-07
T02357,incident,P4,2026-07-30
T02358,incident,P4,2026-08-15
T02359,incident,P1,2026-08-12
T02360,incident,P4,2026-07-31
T02361,incident,P4,2026-07-11
T02362,incident,P3,2026-07-14
T02363,incident,P4,2026-08-10
T02364,incident,P3,2026-08-13
T02365,incident,P3,2026-09-07
T02366,incident,P3,2026-08-28
T02367,incident,P3,2026-09-06
T02368,incident,P4,2026-09-23
T02369,incident,P4,2026-08-22
T02370,incident,P4,2026-09-05
T02371,incident,P3,2026-09-19
T02372,incident,P3,2026-07-28
T02373,incident,P4,2026-07-02
T02374,incident,P4,2026-08-25
T02375,incident,P4,2026-07-23
T02376,incident,P4,2026-09-17
T02377,incident,P4,2026-09-27
T02378,incident,P4,2026-08-06
T02379,incident,P3,2026-08-01
T02380,incident,P3,2026-07-04
T02381,incident,P4,2026-07-27
T02382,incident,P4,2026-09-18
T02383,incident,P4,2026-09-21
T02384,incident,P4,2026-07-19
T02385,incident,P3,2026-09-15
T02386,incident,P3,2026-08-20
T02387,incident,P4,2026-07-09
T02388,incident,P2,2026-09-07
T02389,incident,P3,2026-08-16
T02390,incident,P3,2026-09-10
T02391,incident,P4,2026-09-02
T02392,incident,P4,2026-09-04
T02393,incident,P4,2026-08-05
T02394,incident,P3,2026-08-27
T02395,incident,P3,2026-07-13
T02396,incident,P3,2026-08-20
T02397,incident,P3,2026-09-27
T02398,incident,P4,2026-07-13
T02399,incident,P3,2026-08-28
T02400,incident,P3,2026-07-27
T02401,incident,P3,2026-07-29
T02402,incident,P4,2026-07-27
T02403,incident,P3,2026-09-24
T02404,incident,P2,2026-09-18
T02405,incident,P3,2026-07-25
T02406,incident,P3,2026-07-12
T02407,incident,P4,2026-09-23
T02408,incident,P4,2026-08-09
T02409,incident,P3,2026-07-24
T02410,incident,P3,2026-08-31
T02411,incident,P3,2026-07-08
T02412,incident,P3,2026-09-22
T02413,incident,P3,2026-09-13
T02414,incident,P3,2026-07-09
T02415,incident,P4,2026-08-04
T02416,incident,P4,2026-07-17
T02417,incident,P3,2026-08-15
T02418,incident,P3,2026-07-23
T02419,incident,P3,2026-08-02
T02420,incident,P4,2026-07-22
T02421,incident,P4,2026-07-15
T02422,incident,P3,2026-07-22
T02423,incident,P4,2026-08-18
T02424,incident,P3,2026-07-04
T02425,incident,P4,2026-07-25
T02426,incident,P4,2026-08-19
T02427,incident,P4,2026-07-31
T02428,incident,P3,2026-08-30
T02429,incident,P3,2026-07-01
T02430,incident,P3,2026-09-23
T02431,incident,P3,2026-08-17
T02432,incident,P4,2026-07-04
T02433,incident,P3,2026-09-01
T02434,incident,P4,2026-08-28
T02435,incident,P3,2026-09-01
T02436,incident,P4,2026-07-16
T02437,incident,P4,2026-07-23
T02438,incident,P4,2026-08-24
T02439,incident,P3,2026-07-16
T02440,incident,P3,2026-08-04
T02441,incident,P3,2026-08-30
T02442,incident,P4,2026-08-13
T02443,incident,P4,2026-07-10
T02444,incident,P4,2026-08-31
T02445,incident,P4,2026-09-11
T02446,incident,P3,2026-08-18
T02447,incident,P4,2026-08-25
T02448,incident,P4,2026-07-31
T02449,incident,P4,2026-09-04
T02450,incident,P3,2026-07-28
T02451,incident,P3,2026-08-31
T02452,incident,P4,2026-08-28
T02453,incident,P3,2026-07-17
T02454,incident,P4,2026-08-27
T02455,incident,P3,2026-07-13
T02456,incident,P4,2026-09-23
T02457,incident,P3,2026-07-09
T02458,incident,P4,2026-08-30
T02459,incident,P4,2026-07-24
T02460,incident,P4,2026-09-19
T02461,incident,P4,2026-09-04
T02462,incident,P4,2026-09-21
T02463,incident,P4,2026-07-05
T02464,incident,P4,2026-07-30
T02465,incident,P4,2026-09-24
T02466,incident,P3,2026-09-22
T02467,incident,P4,2026-08-19
T02468,incident,P4,2026-08-11
T02469,incident,P4,2026-08-17
T02470,incident,P3,2026-09-22
T02471,incident,P2,2026-07-30
T02472,incident,P4,2026-08-28
T02473,incident,P4,2026-07-11
T02474,incident,P3,2026-07-05
T02475,incident,P4,2026-07-18
T02476,incident,P4,2026-08-08
T02477,incident,P3,2026-09-13
T02478,incident,P3,2026-07-09
T02479,incident,P3,2026-09-25
T02480,incident,P4,2026-08-16
T02481,incident,P3,2026-07-30
T02482,incident,P4,2026-08-17
T02483,incident,P4,2026-09-01
T02484,incident,P4,2026-07-28
T02485,incident,P3,2026-07-28
T02486,incident,P3,2026-08-30
T02487,incident,P3,2026-08-28
T02488,incident,P3,2026-08-11
T02489,incident,P3,2026-07-23
T02490,incident,P4,2026-09-24
T02491,incident,P3,2026-09-11
T02492,incident,P3,2026-07-21
T02493,incident,P3,2026-07-01
T02494,incident,P4,2026-08-03
T02495,incident,P4,2026-08-30
T02496,incident,P3,2026-09-30
T02497,incident,P3,2026-08-03
T02498,incident,P3,2026-07-16
T02499,incident,P3,2026-08-23
T02500,incident,P4,2026-07-18
T02501,incident,P4,2026-07-18
T02502,incident,P3,2026-07-08
T02503,incident,P3,2026-08-24
T02504,incident,P4,2026-09-13
T02505,incident,P3,2026-08-22
T02506,incident,P4,2026-09-11
T02507,incident,P4,2026-07-20
T02508,incident,P4,2026-08-04
T02509,incident,P3,2026-09-30
T02510,incident,P4,2026-07-07
T02511,incident,P4,2026-07-14
T02512,incident,P3,2026-08-07
T02513,incident,P4,2026-07-23
T02514,incident,P3,2026-08-23
T02515,incident,P4,2026-08-18
T02516,incident,P4,2026-09-23
T02517,incident,P4,2026-09-04
T02518,incident,P3,2026-08-27
T02519,incident,P4,2026-09-23
T02520,incident,P4,2026-09-26
T02521,incident,P4,2026-09-05
T02522,incident,P4,2026-07-25
T02523,incident,P4,2026-09-14
T02524,incident,P3,2026-09-12
T02525,incident,P4,2026-09-27
T02526,incident,P3,2026-09-21
T02527,incident,P4,2026-08-16
T02528,incident,P4,2026-08-02
T02529,incident,P4,2026-07-10
T02530,incident,P4,2026-07-08
T02531,incident,P3,2026-08-30
T02532,incident,P4,2026-08-11
T02533,incident,P4,2026-07-02
T02534,incident,P4,2026-08-13
T02535,incident,P4,2026-09-29
T02536,incident,P4,2026-07-24
T02537,incident,P4,2026-08-11
T02538,incident,P4,2026-07-30
T02539,incident,P4,2026-07-12
T02540,incident,P4,2026-07-27
T02541,incident,P4,2026-08-21
T02542,incident,P3,2026-07-30
T02543,incident,P3,2026-09-29
T02544,incident,P4,2026-09-23
T02545,incident,P3,2026-08-16
T02546,incident,P4,2026-07-29
T02547,incident,P3,2026-08-04
T02548,incident,P3,2026-09-04
T02549,incident,P4,2026-08-21
T02550,incident,P3,2026-09-21
T02551,incident,P4,2026-09-13
T02552,incident,P4,2026-08-12
T02553,incident,P3,2026-08-15
T02554,incident,P3,2026-08-25
T02555,incident,P4,2026-08-31
T02556,incident,P4,2026-09-25
T02557,incident,P3,2026-07-21
T02558,incident,P4,2026-07-15
T02559,incident,P4,2026-08-07
T02560,incident,P3,2026-09-21
T02561,incident,P4,2026-08-01
T02562,incident,P3,2026-07-26
T02563,incident,P4,2026-08-08
T02564,incident,P4,2026-07-21
T02565,incident,P4,2026-09-15
T02566,incident,P4,2026-09-24
T02567,incident,P3,2026-09-14
T02568,incident,P4,2026-07-02
T02569,incident,P4,2026-08-22
T02570,incident,P3,2026-08-04
T02571,incident,P4,2026-07-01
T02572,incident,P4,2026-07-11
T02573,incident,P3,2026-07-01
T02574,incident,P3,2026-07-23
T02575,incident,P4,2026-09-30
T02576,incident,P2,2026-07-31
T02577,incident,P3,2026-07-15
T02578,incident,P4,2026-07-12
T02579,incident,P4,2026-07-20
T02580,incident,P4,2026-07-10
T02581,incident,P3,2026-08-10
T02582,incident,P4,2026-08-31
T02583,incident,P3,2026-08-12
T02584,incident,P3,2026-07-11
T02585,incident,P3,2026-08-03
T02586,incident,P3,2026-09-18
T02587,incident,P3,2026-08-03
T02588,incident,P3,2026-08-12
T02589,incident,P3,2026-09-01
T02590,incident,P4,2026-09-16
T02591,incident,P4,2026-09-10
T02592,incident,P4,2026-07-20
T02593,incident,P3,2026-08-24
T02594,incident,P2,2026-09-30
T02595,incident,P4,2026-08-09
T02596,incident,P3,2026-08-30
T02597,incident,P3,2026-09-14
T02598,incident,P4,2026-09-29
T02599,incident,P4,2026-08-29
T02600,incident,P4,2026-07-30
T02601,incident,P4,2026-09-23
T02602,incident,P3,2026-08-25
T02603,incident,P4,2026-07-25
T02604,incident,P3,2026-07-28
T02605,incident,P4,2026-09-20
T02606,incident,P4,2026-08-03
T02607,incident,P4,2026-09-05
T02608,incident,P3,2026-07-08
T02609,incident,P3,2026-07-04
T02610,incident,P3,2026-08-07
T02611,incident,P4,2026-09-30
T02612,incident,P3,2026-09-17
T02613,incident,P3,2026-07-24
T02614,incident,P4,2026-08-09
T02615,incident,P3,2026-08-03
T02616,incident,P3,2026-07-08
T02617,incident,P4,2026-08-13
T02618,incident,P4,2026-09-30
T02619,incident,P4,2026-09-28
T02620,incident,P3,2026-08-09
T02621,incident,P4,2026-09-05
T02622,incident,P4,2026-07-08
T02623,incident,P3,2026-08-10
T02624,incident,P3,2026-07-07
T02625,incident,P3,2026-07-31
T02626,incident,P4,2026-09-19
T02627,incident,P3,2026-08-29
T02628,incident,P3,2026-08-11
T02629,incident,P4,2026-09-03
T02630,incident,P4,2026-08-16
T02631,incident,P4,2026-08-30
T02632,incident,P3,2026-07-10
T02633,incident,P4,2026-07-09
T02634,incident,P4,2026-08-25
T02635,incident,P4,2026-08-02
T02636,incident,P3,2026-09-04
T02637,incident,P4,2026-08-10
T02638,incident,P3,2026-09-30
T02639,incident,P3,2026-09-29
T02640,incident,P4,2026-08-27
T02641,incident,P4,2026-08-10
T02642,incident,P4,2026-07-14
T02643,incident,P4,2026-07-12
T02644,incident,P3,2026-08-05
T02645,incident,P3,2026-09-10
T02646,incident,P4,2026-08-29
T02647,incident,P3,2026-07-05
T02648,incident,P4,2026-07-09
T02649,incident,P4,2026-09-23
T02650,incident,P4,2026-08-25
T02651,incident,P3,2026-07-19
T02652,incident,P4,2026-07-13
T02653,incident,P3,2026-07-07
T02654,incident,P3,2026-09-24
T02655,incident,P4,2026-07-14
T02656,incident,P3,2026-08-10
T02657,incident,P4,2026-09-07
T02658,incident,P3,2026-08-22
T02659,incident,P3,2026-07-23
T02660,incident,P4,2026-08-24
T02661,incident,P3,2026-08-16
T02662,incident,P4,2026-08-01
T02663,incident,P3,2026-09-09
T02664,incident,P4,2026-08-03
T02665,incident,P4,2026-08-19
T02666,incident,P4,2026-07-24
T02667,incident,P4,2026-08-06
T02668,incident,P4,2026-08-20
T02669,incident,P4,2026-07-17
T02670,incident,P3,2026-09-01
T02671,incident,P3,2026-09-04
T02672,incident,P3,2026-08-01
T02673,incident,P4,2026-09-04
T02674,incident,P3,2026-09-28
T02675,incident,P3,2026-09-17
T02676,incident,P4,2026-07-23
T02677,incident,P4,2026-08-13
T02678,incident,P3,2026-09-23
T02679,incident,P4,2026-07-01
T02680,incident,P3,2026-09-12
T02681,incident,P4,2026-08-02
T02682,incident,P4,2026-07-05
T02683,incident,P3,2026-08-11
T02684,incident,P4,2026-08-10
T02685,incident,P4,2026-08-04
T02686,incident,P3,2026-08-08
T02687,incident,P3,2026-08-15
T02688,incident,P3,2026-08-06
T02689,incident,P2,2026-07-30
T02690,incident,P3,2026-09-25
T02691,incident,P4,2026-09-20
T02692,incident,P4,2026-09-11
T02693,incident,P4,2026-08-01
T02694,incident,P4,2026-09-21
T02695,incident,P4,2026-07-22
T02696,incident,P3,2026-08-09
T02697,incident,P3,2026-09-22
T02698,incident,P4,2026-08-25
T02699,incident,P3,2026-07-18
T02700,incident,P3,2026-09-30
T02701,incident,P3,2026-07-08
T02702,incident,P4,2026-07-23
T02703,incident,P4,2026-07-18
T02704,incident,P4,2026-09-25
T02705,incident,P4,2026-07-07
T02706,incident,P4,2026-09-09
T02707,incident,P4,2026-08-13
T02708,incident,P4,2026-08-29
T02709,incident,P4,2026-07-28
T02710,incident,P3,2026-08-16
T02711,incident,P3,2026-07-13
T02712,incident,P4,2026-07-04
T02713,incident,P3,2026-07-04
T02714,incident,P4,2026-07-10
T02715,incident,P4,2026-09-02
T02716,incident,P4,2026-07-26
T02717,incident,P3,2026-09-20
T02718,incident,P4,2026-08-31
T02719,incident,P4,2026-08-09
T02720,incident,P4,2026-09-12
T02721,incident,P4,2026-08-14
T02722,incident,P4,2026-08-09
T02723,incident,P4,2026-08-15
T02724,incident,P4,2026-07-14
T02725,incident,P3,2026-09-05
T02726,incident,P3,2026-08-27
T02727,incident,P3,2026-09-24
T02728,incident,P3,2026-07-27
T02729,incident,P4,2026-08-16
T02730,incident,P4,2026-09-23
T02731,incident,P4,2026-07-16
T02732,incident,P3,2026-09-11
T02733,incident,P4,2026-09-14
T02734,incident,P4,2026-07-04
T02735,incident,P4,2026-08-24
T02736,incident,P4,2026-07-24
T02737,incident,P4,2026-09-04
T02738,incident,P3,2026-08-15
T02739,incident,P4,2026-09-16
T02740,incident,P3,2026-07-29
T02741,incident,P3,2026-08-25
T02742,incident,P4,2026-09-20
T02743,incident,P3,2026-08-23
T02744,incident,P4,2026-08-08
T02745,incident,P4,2026-09-04
T02746,incident,P4,2026-07-24
T02747,incident,P2,2026-09-03
T02748,incident,P4,2026-07-19
T02749,incident,P4,2026-08-18
T02750,incident,P4,2026-09-10
T02751,incident,P3,2026-07-22
T02752,incident,P4,2026-09-22
T02753,incident,P4,2026-07-15
T02754,incident,P3,2026-08-16
T02755,incident,P3,2026-07-08
T02756,incident,P4,2026-07-03
T02757,incident,P4,2026-09-30
T02758,incident,P4,2026-07-28
T02759,incident,P4,2026-07-20
T02760,incident,P3,2026-07-19
T02761,incident,P4,2026-08-26
T02762,incident,P3,2026-08-24
T02763,incident,P3,2026-09-27
T02764,incident,P3,2026-08-05
T02765,incident,P4,2026-07-28
T02766,incident,P3,2026-08-29
T02767,incident,P4,2026-07-01
T02768,incident,P3,2026-09-30
T02769,incident,P4,2026-07-31
T02770,incident,P4,2026-07-30
T02771,incident,P3,2026-07-23
T02772,incident,P4,2026-07-23
T02773,incident,P4,2026-07-26
T02774,incident,P4,2026-07-15
T02775,incident,P4,2026-09-30
T02776,incident,P3,2026-07-28
T02777,incident,P4,2026-08-24
T02778,incident,P4,2026-07-07
T02779,incident,P4,2026-07-01
T02780,incident,P4,2026-07-12
T02781,incident,P4,2026-09-10
T02782,incident,P3,2026-07-19
T02783,incident,P4,2026-07-22
T02784,incident,P3,2026-09-08
T02785,incident,P4,2026-08-01
T02786,incident,P3,2026-07-30
T02787,incident,P3,2026-08-22
T02788,incident,P3,2026-08-25
T02789,incident,P4,2026-07-21
T02790,incident,P3,2026-08-27
T02791,incident,P4,2026-07-25
T02792,incident,P4,2026-07-16
T02793,incident,P3,2026-07-24
T02794,incident,P4,2026-08-26
T02795,incident,P4,2026-09-14
T02796,incident,P4,2026-08-05
T02797,incident,P4,2026-07-26
T02798,incident,P3,2026-09-04
T02799,incident,P3,2026-07-22
T02800,incident,P4,2026-08-15
T02801,incident,P3,2026-07-09
T02802,incident,P4,2026-08-15
T02803,incident,P3,2026-08-12
T02804,incident,P4,2026-09-27
T02805,incident,P3,2026-09-21
T02806,incident,P4,2026-09-12
T02807,incident,P4,2026-07-06
T02808,incident,P3,2026-08-31
T02809,incident,P4,2026-09-19
T02810,incident,P3,2026-09-25
T02811,incident,P4,2026-08-25
T02812,incident,P4,2026-07-21
T02813,incident,P4,2026-09-23
T02814,incident,P4,2026-07-01
T02815,incident,P4,2026-07-19
T02816,incident,P4,2026-09-25
T02817,incident,P4,2026-08-11
T02818,incident,P3,2026-09-25
T02819,incident,P4,2026-07-21
T02820,incident,P4,2026-08-21
T02821,incident,P3,2026-08-06
T02822,incident,P4,2026-07-04
T02823,incident,P4,2026-08-31
T02824,incident,P3,2026-08-05
T02825,incident,P3,2026-07-03
T02826,incident,P4,2026-09-07
T02827,incident,P4,2026-08-11
T02828,incident,P3,2026-08-31
T02829,incident,P3,2026-08-02
T02830,incident,P4,2026-09-16
T02831,incident,P2,2026-08-03
T02832,incident,P3,2026-08-19
T02833,incident,P4,2026-09-19
T02834,incident,P4,2026-08-05
T02835,incident,P4,2026-08-06
T02836,incident,P4,2026-07-21
T02837,incident,P3,2026-08-18
T02838,incident,P3,2026-07-25
T02839,incident,P3,2026-07-18
T02840,incident,P3,2026-07-30
T02841,incident,P3,2026-08-25
T02842,incident,P4,2026-07-14
T02843,incident,P4,2026-09-09
T02844,incident,P4,2026-07-12
T02845,incident,P4,2026-07-20
T02846,incident,P3,2026-07-25
T02847,incident,P4,2026-09-02
T02848,incident,P4,2026-08-19
T02849,incident,P4,2026-09-19
T02850,incident,P4,2026-07-23
T02851,incident,P3,2026-08-08
T02852,incident,P3,2026-07-08
T02853,incident,P3,2026-07-05
T02854,incident,P4,2026-09-29
T02855,incident,P3,2026-07-22
T02856,incident,P3,2026-07-21
T02857,incident,P4,2026-07-26
T02858,incident,P4,2026-09-25
T02859,incident,P3,2026-07-26
T02860,incident,P3,2026-08-25
T02861,incident,P3,2026-08-22
T02862,incident,P4,2026-07-30
T02863,incident,P4,2026-07-04
T02864,incident,P4,2026-09-29
T02865,incident,P3,2026-07-22
T02866,incident,P4,2026-07-20
T02867,incident,P4,2026-09-19
T02868,incident,P4,2026-07-08
T02869,incident,P4,2026-09-18
T02870,incident,P4,2026-07-05
T02871,incident,P4,2026-09-09
T02872,incident,P2,2026-09-12
T02873,incident,P4,2026-08-26
T02874,incident,P4,2026-09-15
T02875,incident,P3,2026-09-23
T02876,incident,P4,2026-07-19
T02877,incident,P4,2026-09-10
T02878,incident,P3,2026-09-02
T02879,incident,P3,2026-08-19
T02880,incident,P1,2026-09-21
T02881,incident,P4,2026-09-28
T02882,incident,P4,2026-07-01
T02883,incident,P3,2026-08-16
T02884,incident,P3,2026-09-24
T02885,incident,P4,2026-08-18
T02886,incident,P3,2026-08-22
T02887,incident,P4,2026-08-31
T02888,incident,P3,2026-09-17
T02889,incident,P3,2026-08-18
T02890,incident,P4,2026-07-28
T02891,incident,P4,2026-09-17
T02892,incident,P4,2026-09-13
T02893,incident,P4,2026-08-10
T02894,incident,P3,2026-09-10
T02895,incident,P3,2026-09-17
T02896,incident,P4,2026-09-12
T02897,incident,P4,2026-09-01
T02898,incident,P4,2026-07-11
T02899,incident,P3,2026-07-06
T02900,incident,P4,2026-07-11
T02901,incident,P4,2026-08-07
T02902,incident,P4,2026-08-24
T02903,incident,P3,2026-07-01
T02904,incident,P3,2026-07-18
T02905,incident,P4,2026-08-05
T02906,incident,P4,2026-09-16
T02907,incident,P4,2026-08-26
T02908,incident,P3,2026-08-02
T02909,incident,P4,2026-08-27
T02910,incident,P3,2026-07-13
T02911,incident,P3,2026-08-08
T02912,incident,P3,2026-09-22
T02913,incident,P3,2026-08-17
T02914,incident,P4,2026-09-04
T02915,incident,P4,2026-09-06
T02916,incident,P4,2026-09-12
T02917,incident,P4,2026-09-21
T02918,incident,P4,2026-08-28
T02919,incident,P3,2026-08-10
T02920,incident,P4,2026-09-28
T02921,incident,P3,2026-07-16
T02922,incident,P4,2026-07-19
T02923,incident,P3,2026-08-07
T02924,incident,P4,2026-09-08
T02925,incident,P3,2026-07-17
T02926,incident,P4,2026-08-18
T02927,incident,P4,2026-08-03
T02928,incident,P4,2026-07-05
T02929,incident,P3,2026-07-04
T02930,incident,P3,2026-07-05
T02931,incident,P4,2026-09-15
T02932,incident,P3,2026-09-30
T02933,incident,P3,2026-08-07
T02934,incident,P3,2026-09-16
T02935,incident,P4,2026-07-18
T02936,incident,P4,2026-07-16
T02937,incident,P3,2026-09-03
T02938,incident,P3,2026-07-22
T02939,incident,P4,2026-07-29
T02940,incident,P3,2026-07-29
T02941,incident,P3,2026-07-08
T02942,incident,P3,2026-09-17
T02943,incident,P4,2026-07-09
T02944,incident,P4,2026-09-07
T02945,incident,P3,2026-08-26
T02946,incident,P4,2026-08-23
T02947,incident,P4,2026-08-10
T02948,incident,P3,2026-08-19
T02949,incident,P4,2026-08-29
T02950,incident,P4,2026-09-06
T02951,incident,P3,2026-08-03
T02952,incident,P3,2026-09-26
T02953,incident,P3,2026-08-10
T02954,incident,P4,2026-07-22
T02955,incident,P4,2026-08-30
T02956,incident,P4,2026-08-04
T02957,incident,P4,2026-07-13
T02958,incident,P3,2026-09-14
T02959,incident,P4,2026-08-13
T02960,incident,P3,2026-08-17
T02961,incident,P4,2026-07-15
T02962,incident,P4,2026-07-18
T02963,incident,P4,2026-08-06
T02964,incident,P4,2026-08-19
T02965,incident,P3,2026-07-23
T02966,incident,P3,2026-07-04
T02967,incident,P3,2026-08-28
T02968,incident,P4,2026-08-06
T02969,incident,P4,2026-08-17
T02970,incident,P4,2026-09-26
T02971,incident,P4,2026-08-31
T02972,incident,P3,2026-09-20
T02973,incident,P4,2026-09-24
T02974,incident,P3,2026-08-16
T02975,incident,P3,2026-07-25
T02976,incident,P3,2026-09-29
T02977,incident,P3,2026-09-14
T02978,incident,P3,2026-07-02
T02979,incident,P3,2026-07-10
T02980,incident,P4,2026-09-03
T02981,sr,P3,2026-07-31
T02982,sr,P3,2026-09-24
T02983,sr,P3,2026-07-15
T02984,sr,P3,2026-09-26
T02985,sr,P3,2026-08-06
T02986,sr,P3,2026-07-13
T02987,sr,P3,2026-07-25
T02988,sr,P3,2026-09-25
T02989,sr,P3,2026-09-13
T02990,sr,P3,2026-09-30
T02991,sr,P3,2026-09-24
T02992,sr,P3,2026-07-01
T02993,sr,P3,2026-08-04
T02994,sr,P3,2026-07-07
T02995,sr,P3,2026-08-24
T02996,sr,P3,2026-07-12
T02997,sr,P3,2026-08-05
T02998,sr,P3,2026-08-10
T02999,sr,P3,2026-09-11
T03000,sr,P3,2026-09-27
T03001,sr,P3,2026-07-02
T03002,sr,P3,2026-09-04
T03003,sr,P3,2026-08-23
T03004,sr,P3,2026-08-14
T03005,sr,P3,2026-09-29
T03006,sr,P3,2026-09-14
T03007,sr,P3,2026-09-07
T03008,sr,P3,2026-07-24
T03009,sr,P3,2026-07-02
T03010,sr,P3,2026-09-12
T03011,sr,P3,2026-07-26
T03012,sr,P3,2026-07-23
T03013,sr,P3,2026-07-29
T03014,sr,P3,2026-07-14
T03015,sr,P3,2026-07-27
T03016,sr,P3,2026-07-16
T03017,sr,P3,2026-08-04
T03018,sr,P3,2026-09-13
T03019,sr,P3,2026-09-04
T03020,sr,P3,2026-08-11
T03021,sr,P3,2026-09-25
T03022,sr,P3,2026-08-19
T03023,sr,P3,2026-08-21
T03024,sr,P3,2026-09-28
T03025,sr,P3,2026-07-04
T03026,sr,P3,2026-07-09
T03027,sr,P3,2026-09-15
T03028,sr,P3,2026-09-28
T03029,sr,P3,2026-08-24
T03030,sr,P3,2026-07-15
T03031,sr,P3,2026-08-04
T03032,sr,P3,2026-09-04
T03033,sr,P3,2026-07-19
T03034,sr,P3,2026-08-24
T03035,sr,P3,2026-08-16
T03036,sr,P3,2026-09-23
T03037,sr,P3,2026-07-03
T03038,sr,P3,2026-07-04
T03039,sr,P3,2026-07-07
T03040,sr,P3,2026-08-24
T03041,sr,P3,2026-09-18
T03042,sr,P3,2026-09-07
T03043,sr,P3,2026-09-22
T03044,sr,P3,2026-08-19
T03045,sr,P3,2026-07-21
T03046,sr,P3,2026-08-17
T03047,sr,P3,2026-08-16
T03048,sr,P3,2026-09-09
T03049,sr,P3,2026-07-18
T03050,sr,P3,2026-08-15
T03051,sr,P3,2026-08-17
T03052,sr,P3,2026-08-02
T03053,sr,P3,2026-09-08
T03054,sr,P3,2026-07-19
T03055,sr,P3,2026-07-21
T03056,sr,P3,2026-07-21
T03057,sr,P3,2026-07-20
T03058,sr,P3,2026-07-20
T03059,sr,P3,2026-07-15
T03060,sr,P3,2026-09-14
T03061,sr,P3,2026-07-16
T03062,sr,P3,2026-07-21
T03063,sr,P3,2026-08-09
T03064,sr,P3,2026-09-03
T03065,sr,P3,2026-09-11
T03066,sr,P3,2026-09-12
T03067,sr,P3,2026-07-13
T03068,sr,P3,2026-09-10
T03069,sr,P3,2026-09-02
T03070,sr,P3,2026-08-22
T03071,sr,P3,2026-08-29
T03072,sr,P3,2026-09-08
T03073,sr,P3,2026-07-02
T03074,sr,P3,2026-07-08
T03075,sr,P3,2026-07-31
T03076,sr,P3,2026-08-24
T03077,sr,P3,2026-07-18
T03078,sr,P3,2026-07-31
T03079,sr,P3,2026-07-01
T03080,sr,P3,2026-07-31
T03081,sr,P3,2026-08-15
T03082,sr,P3,2026-07-31
T03083,sr,P3,2026-07-12
T03084,sr,P3,2026-08-31
T03085,sr,P3,2026-09-14
T03086,sr,P3,2026-08-19
T03087,sr,P3,2026-08-24
T03088,sr,P3,2026-08-12
T03089,sr,P3,2026-08-30
T03090,sr,P3,2026-07-06
T03091,sr,P3,2026-07-29
T03092,sr,P3,2026-09-24
T03093,sr,P3,2026-07-07
T03094,sr,P3,2026-08-27
T03095,sr,P3,2026-09-03
T03096,sr,P3,2026-07-31
T03097,sr,P3,2026-07-05
T03098,sr,P3,2026-09-16
T03099,sr,P3,2026-07-24
T03100,sr,P3,2026-07-26
T03101,sr,P3,2026-07-09
T03102,sr,P3,2026-08-03
T03103,sr,P3,2026-07-11
T03104,sr,P3,2026-08-12
T03105,sr,P3,2026-07-12
T03106,sr,P3,2026-08-13
T03107,sr,P3,2026-09-22
T03108,sr,P3,2026-07-11
T03109,sr,P3,2026-08-24
T03110,sr,P3,2026-08-09
T03111,sr,P3,2026-07-10
T03112,sr,P3,2026-09-04
T03113,sr,P3,2026-08-27
T03114,sr,P3,2026-08-01
T03115,sr,P3,2026-09-26
T03116,sr,P3,2026-07-20
T03117,sr,P3,2026-07-23
T03118,sr,P3,2026-08-09
T03119,sr,P3,2026-08-25
T03120,sr,P3,2026-08-11
T03121,sr,P3,2026-07-14
T03122,sr,P3,2026-09-29
T03123,sr,P3,2026-09-04
T03124,sr,P3,2026-08-24
T03125,sr,P3,2026-07-22
T03126,sr,P3,2026-09-14
T03127,sr,P3,2026-07-06
T03128,sr,P3,2026-09-02
T03129,sr,P3,2026-07-16
T03130,sr,P3,2026-09-21
T03131,sr,P3,2026-07-21
T03132,sr,P3,2026-09-19
T03133,sr,P3,2026-07-08
T03134,sr,P3,2026-08-06
T03135,sr,P3,2026-09-03
T03136,sr,P3,2026-07-06
T03137,sr,P3,2026-08-12
T03138,sr,P3,2026-07-07
T03139,sr,P3,2026-07-14
T03140,sr,P3,2026-09-05
T03141,sr,P3,2026-09-30
T03142,sr,P3,2026-07-25
T03143,sr,P3,2026-09-04
T03144,sr,P3,2026-08-21
T03145,sr,P3,2026-07-22
T03146,sr,P3,2026-07-30
T03147,sr,P3,2026-09-24
T03148,sr,P3,2026-07-27
T03149,sr,P3,2026-08-25
T03150,sr,P3,2026-08-03
T03151,sr,P3,2026-09-23
T03152,sr,P3,2026-08-28
T03153,sr,P3,2026-07-12
T03154,sr,P3,2026-07-31
T03155,sr,P3,2026-08-29
T03156,sr,P3,2026-07-01
T03157,sr,P3,2026-09-28
T03158,sr,P3,2026-07-29
T03159,sr,P3,2026-09-23
T03160,sr,P3,2026-08-20
T03161,sr,P3,2026-07-13
T03162,sr,P3,2026-07-26
T03163,sr,P3,2026-08-22
T03164,sr,P3,2026-07-12
T03165,sr,P3,2026-09-07
T03166,sr,P3,2026-09-26
T03167,sr,P3,2026-08-06
T03168,sr,P3,2026-08-16
T03169,sr,P3,2026-08-12
T03170,sr,P3,2026-08-01
T03171,sr,P3,2026-08-04
T03172,sr,P3,2026-09-23
T03173,sr,P3,2026-09-24
T03174,sr,P3,2026-08-12
T03175,sr,P3,2026-07-29
T03176,sr,P3,2026-07-05
T03177,sr,P3,2026-08-21
T03178,sr,P3,2026-08-23
T03179,sr,P3,2026-09-27
T03180,sr,P3,2026-08-25
T03181,sr,P3,2026-07-09
T03182,sr,P3,2026-07-20
T03183,sr,P3,2026-07-11
T03184,sr,P3,2026-07-10
T03185,sr,P3,2026-07-08
T03186,sr,P3,2026-09-08
T03187,sr,P3,2026-07-25
T03188,sr,P3,2026-08-03
T03189,sr,P3,2026-09-19
T03190,sr,P3,2026-07-13
T03191,sr,P3,2026-08-18
T03192,sr,P3,2026-09-03
T03193,sr,P3,2026-09-26
T03194,sr,P3,2026-09-01
T03195,sr,P3,2026-08-02
T03196,sr,P3,2026-07-25
T03197,sr,P3,2026-07-13
T03198,sr,P3,2026-09-24
T03199,sr,P3,2026-09-02
T03200,sr,P3,2026-09-11
T03201,sr,P3,2026-08-27
T03202,sr,P3,2026-08-07
T03203,sr,P3,2026-07-09
T03204,sr,P3,2026-09-14
T03205,sr,P3,2026-08-30
T03206,sr,P3,2026-07-17
T03207,sr,P3,2026-07-19
T03208,sr,P3,2026-07-09
T03209,sr,P3,2026-08-31
T03210,sr,P3,2026-08-25
T03211,sr,P3,2026-07-17
T03212,sr,P3,2026-09-23
T03213,sr,P3,2026-09-26
T03214,sr,P3,2026-07-04
T03215,sr,P3,2026-09-28
T03216,sr,P3,2026-07-24
T03217,sr,P3,2026-09-13
T03218,sr,P3,2026-07-06
T03219,sr,P3,2026-09-30
T03220,sr,P3,2026-07-10
T03221,sr,P3,2026-07-15
T03222,sr,P3,2026-08-11
T03223,sr,P3,2026-07-31
T03224,sr,P3,2026-07-07
T03225,sr,P3,2026-07-29
T03226,sr,P3,2026-09-13
T03227,sr,P3,2026-08-04
T03228,sr,P3,2026-08-14
T03229,sr,P3,2026-07-22
T03230,sr,P3,2026-09-28
T03231,sr,P3,2026-08-16
T03232,sr,P3,2026-08-22
T03233,sr,P3,2026-09-30
T03234,sr,P3,2026-08-05
T03235,sr,P3,2026-07-21
T03236,sr,P3,2026-08-26
T03237,sr,P3,2026-08-26
T03238,sr,P3,2026-07-23
T03239,sr,P3,2026-07-01
T03240,sr,P3,2026-07-17
T03241,sr,P3,2026-07-12
T03242,sr,P3,2026-09-08
T03243,sr,P3,2026-08-25
T03244,sr,P3,2026-07-31
T03245,sr,P3,2026-09-20
T03246,sr,P3,2026-07-20
T03247,sr,P3,2026-09-23
T03248,sr,P3,2026-08-03
T03249,sr,P3,2026-09-30
T03250,sr,P3,2026-07-15
T03251,sr,P3,2026-07-15
T03252,sr,P3,2026-08-18
T03253,sr,P3,2026-07-12
T03254,sr,P3,2026-09-24
T03255,sr,P3,2026-07-29
T03256,sr,P3,2026-07-01
T03257,sr,P3,2026-07-20
T03258,sr,P3,2026-07-06
T03259,sr,P3,2026-08-15
T03260,sr,P3,2026-07-11
T03261,sr,P3,2026-08-09
T03262,sr,P3,2026-09-14
T03263,sr,P3,2026-08-10
T03264,sr,P3,2026-09-10
T03265,sr,P3,2026-09-14
T03266,sr,P3,2026-08-26
T03267,sr,P3,2026-09-21
T03268,sr,P3,2026-09-11
T03269,sr,P3,2026-09-07
T03270,sr,P3,2026-07-26
T03271,sr,P3,2026-08-09
T03272,sr,P3,2026-09-05
T03273,sr,P3,2026-07-27
T03274,sr,P3,2026-08-31
T03275,sr,P3,2026-08-13
T03276,sr,P3,2026-07-17
T03277,sr,P3,2026-08-17
T03278,sr,P3,2026-08-15
T03279,sr,P3,2026-09-04
T03280,sr,P3,2026-09-10
T03281,sr,P3,2026-09-14
T03282,sr,P3,2026-07-29
T03283,sr,P3,2026-09-18
T03284,sr,P3,2026-08-05
T03285,sr,P3,2026-09-23
T03286,sr,P3,2026-09-03
T03287,sr,P3,2026-07-17
T03288,sr,P3,2026-09-03
T03289,sr,P3,2026-07-03
T03290,sr,P3,2026-08-23
T03291,sr,P3,2026-08-25
T03292,sr,P3,2026-09-24
T03293,sr,P3,2026-09-15
T03294,sr,P3,2026-07-24
T03295,sr,P3,2026-07-06
T03296,sr,P3,2026-09-07
T03297,sr,P3,2026-08-07
T03298,sr,P3,2026-08-05
T03299,sr,P3,2026-07-16
T03300,sr,P3,2026-09-19
T03301,sr,P3,2026-09-29
T03302,sr,P3,2026-08-27
T03303,sr,P3,2026-08-17
T03304,sr,P3,2026-09-05
T03305,sr,P3,2026-08-30
T03306,sr,P3,2026-08-01
T03307,sr,P3,2026-09-29
T03308,sr,P3,2026-09-04
T03309,sr,P3,2026-09-08
T03310,sr,P3,2026-08-18
T03311,sr,P3,2026-09-08
T03312,sr,P3,2026-08-07
T03313,sr,P3,2026-08-07
T03314,sr,P3,2026-08-21
T03315,sr,P3,2026-09-29
T03316,sr,P3,2026-07-05
T03317,sr,P3,2026-08-02
T03318,sr,P3,2026-08-31
T03319,sr,P3,2026-08-11
T03320,sr,P3,2026-09-26
T03321,sr,P3,2026-07-28
T03322,sr,P3,2026-08-27
T03323,sr,P3,2026-08-15
T03324,sr,P3,2026-09-29
T03325,sr,P3,2026-08-09
T03326,sr,P3,2026-08-28
T03327,sr,P3,2026-08-16
T03328,sr,P3,2026-07-12
T03329,sr,P3,2026-08-16
T03330,sr,P3,2026-09-22
T03331,sr,P3,2026-07-27
T03332,sr,P3,2026-07-30
T03333,sr,P3,2026-08-25
T03334,sr,P3,2026-09-22
T03335,sr,P3,2026-09-25
T03336,sr,P3,2026-08-02
T03337,sr,P3,2026-09-20
T03338,sr,P3,2026-08-16
T03339,sr,P3,2026-09-27
T03340,sr,P3,2026-07-03
T03341,sr,P3,2026-08-04
T03342,sr,P3,2026-09-09
T03343,sr,P3,2026-07-08
T03344,sr,P3,2026-08-13
T03345,sr,P3,2026-08-16
T03346,sr,P3,2026-08-22
T03347,sr,P3,2026-07-05
T03348,sr,P3,2026-08-25
T03349,sr,P3,2026-09-16
T03350,sr,P3,2026-09-06
T03351,sr,P3,2026-09-24
T03352,sr,P3,2026-08-09
T03353,sr,P3,2026-07-30
T03354,sr,P3,2026-08-13
T03355,sr,P3,2026-08-13
T03356,sr,P3,2026-08-30
T03357,sr,P3,2026-07-14
T03358,sr,P3,2026-07-24
T03359,sr,P3,2026-09-01
T03360,sr,P3,2026-07-14
T03361,sr,P3,2026-08-17
T03362,sr,P3,2026-07-26
T03363,sr,P3,2026-08-04
T03364,sr,P3,2026-09-01
T03365,sr,P3,2026-07-06
T03366,sr,P3,2026-09-30
T03367,sr,P3,2026-07-17
T03368,sr,P3,2026-08-13
T03369,sr,P3,2026-08-23
T03370,sr,P3,2026-08-26
T03371,sr,P3,2026-08-06
T03372,sr,P3,2026-08-23
T03373,sr,P3,2026-07-20
T03374,sr,P3,2026-08-10
T03375,sr,P3,2026-07-20
T03376,sr,P3,2026-09-21
T03377,sr,P3,2026-07-24
T03378,sr,P3,2026-09-30
T03379,sr,P3,2026-07-21
T03380,sr,P3,2026-08-15
T03381,sr,P3,2026-08-05
T03382,sr,P3,2026-07-08
T03383,sr,P3,2026-09-25
T03384,sr,P3,2026-08-01
T03385,sr,P3,2026-08-12
T03386,sr,P3,2026-07-05
T03387,sr,P3,2026-07-23
T03388,sr,P3,2026-07-07
T03389,sr,P3,2026-08-24
T03390,sr,P3,2026-08-24
T03391,sr,P3,2026-07-25
T03392,sr,P3,2026-07-20
T03393,sr,P3,2026-08-17
T03394,sr,P3,2026-09-04
T03395,sr,P3,2026-07-16
T03396,sr,P3,2026-07-15
T03397,sr,P3,2026-08-04
T03398,sr,P3,2026-08-26
T03399,sr,P3,2026-09-04
T03400,sr,P3,2026-08-20
T03401,sr,P3,2026-09-15
T03402,sr,P3,2026-08-02
T03403,sr,P3,2026-07-03
T03404,sr,P3,2026-08-20
T03405,sr,P3,2026-08-19
T03406,sr,P3,2026-07-24
T03407,sr,P3,2026-08-18
T03408,sr,P3,2026-07-02
T03409,sr,P3,2026-08-17
T03410,sr,P3,2026-07-15
T03411,sr,P3,2026-08-11
T03412,sr,P3,2026-08-12
T03413,sr,P3,2026-07-17
T03414,sr,P3,2026-09-25
T03415,sr,P3,2026-07-05
T03416,sr,P3,2026-09-18
T03417,sr,P3,2026-09-30
T03418,sr,P3,2026-07-25
T03419,sr,P3,2026-07-27
T03420,sr,P3,2026-07-03
T03421,sr,P3,2026-09-13
T03422,sr,P3,2026-09-25
T03423,sr,P3,2026-09-12
T03424,sr,P3,2026-09-17
T03425,sr,P3,2026-07-30
T03426,sr,P3,2026-08-07
T03427,sr,P3,2026-07-13
T03428,sr,P3,2026-07-26
T03429,sr,P3,2026-09-29
T03430,sr,P3,2026-07-31
T03431,sr,P3,2026-07-30
T03432,sr,P3,2026-08-30
T03433,sr,P3,2026-09-14
T03434,sr,P3,2026-09-12
T03435,sr,P3,2026-08-11
T03436,sr,P3,2026-07-16
T03437,sr,P3,2026-07-05
T03438,sr,P3,2026-09-12
T03439,sr,P3,2026-08-11
T03440,sr,P3,2026-09-05
T03441,sr,P3,2026-09-21
T03442,sr,P3,2026-09-16
T03443,sr,P3,2026-07-12
T03444,sr,P3,2026-09-04
T03445,sr,P3,2026-08-28
T03446,sr,P3,2026-07-16
T03447,sr,P3,2026-07-31
T03448,sr,P3,2026-07-28
T03449,sr,P3,2026-08-26
T03450,sr,P3,2026-08-09
T03451,sr,P3,2026-08-23
T03452,sr,P3,2026-08-16
T03453,sr,P3,2026-07-02
T03454,sr,P3,2026-07-30
T03455,sr,P3,2026-07-15
T03456,sr,P3,2026-08-12
T03457,sr,P3,2026-08-21
T03458,sr,P3,2026-07-31
T03459,sr,P3,2026-09-22
T03460,sr,P3,2026-08-24
T03461,sr,P3,2026-08-01
T03462,sr,P3,2026-08-12
T03463,sr,P3,2026-09-14
T03464,sr,P3,2026-07-31
T03465,sr,P3,2026-08-18
T03466,sr,P3,2026-09-20
T03467,sr,P3,2026-07-05
T03468,sr,P3,2026-09-05
T03469,sr,P3,2026-09-09
T03470,sr,P3,2026-08-08
T03471,sr,P3,2026-08-04
T03472,sr,P3,2026-08-30
T03473,sr,P3,2026-09-30
T03474,sr,P3,2026-08-31
T03475,sr,P3,2026-08-29
T03476,sr,P3,2026-07-02
T03477,sr,P3,2026-07-07
T03478,cr,P3,2026-09-23
T03479,cr,P3,2026-08-18
T03480,cr,P3,2026-08-29
T03481,cr,P3,2026-07-30
T03482,cr,P3,2026-09-15
T03483,cr,P3,2026-09-18
T03484,cr,P3,2026-07-23
T03485,cr,P3,2026-09-15
T03486,cr,P3,2026-08-30
T03487,cr,P3,2026-09-09
T03488,cr,P3,2026-08-19
T03489,cr,P3,2026-07-21
